,²©Îï¹ÝÍøÖ·
0,https://baike.baidu.com/item/%E6%95%85%E5%AE%AB%E5%8D%9A%E7%89%A9%E9%99%A2/5317
1,https://baike.baidu.com/item/%E4%B8%AD%E5%9B%BD%E7%A7%91%E5%AD%A6%E6%8A%80%E6%9C%AF%E9%A6%86
2,https://baike.baidu.com/item/%E4%B8%AD%E5%9B%BD%E5%9C%B0%E8%B4%A8%E5%8D%9A%E7%89%A9%E9%A6%86
3,https://baike.baidu.com/item/%E4%B8%AD%E5%9B%BD%E4%BA%BA%E6%B0%91%E9%9D%A9%E5%91%BD%E5%86%9B%E4%BA%8B%E5%8D%9A%E7%89%A9%E9%A6%86
4,https://baike.baidu.com/item/%E4%B8%AD%E5%9B%BD%E8%88%AA%E7%A9%BA%E5%8D%9A%E7%89%A9%E9%A6%86
5,https://baike.baidu.com/item/%E5%8C%97%E4%BA%AC%E9%B2%81%E8%BF%85%E5%8D%9A%E7%89%A9%E9%A6%86
6,https://baike.baidu.com/item/%E9%A6%96%E9%83%BD%E5%8D%9A%E7%89%A9%E9%A6%86
7,https://baike.baidu.com/item/%E5%8C%97%E4%BA%AC%E8%87%AA%E7%84%B6%E5%8D%9A%E7%89%A9%E9%A6%86
8,https://baike.baidu.com/item/%E4%B8%AD%E5%9B%BD%E4%BA%BA%E6%B0%91%E6%8A%97%E6%97%A5%E6%88%98%E4%BA%89%E7%BA%AA%E5%BF%B5%E9%A6%86
9,https://baike.baidu.com/item/%E4%B8%AD%E5%9B%BD%E5%9B%BD%E5%AE%B6%E5%8D%9A%E7%89%A9%E9%A6%86
10,https://baike.baidu.com/item/%E4%B8%AD%E5%9B%BD%E5%86%9C%E4%B8%9A%E5%8D%9A%E7%89%A9%E9%A6%86
11,https://baike.baidu.com/item/%E5%8C%97%E4%BA%AC%E5%A4%A9%E6%96%87%E9%A6%86/1632709
12,https://baike.baidu.com/item/%E4%B8%AD%E5%9B%BD%E5%8D%B0%E5%88%B7%E5%8D%9A%E7%89%A9%E9%A6%86/1632095
13,https://baike.baidu.com/item/%E4%B8%AD%E5%9B%BD%E7%94%B5%E5%BD%B1%E5%8D%9A%E7%89%A9%E9%A6%86/3744432
14,https://baike.baidu.com/item/%E5%8C%97%E4%BA%AC%E6%B1%BD%E8%BD%A6%E5%8D%9A%E7%89%A9%E9%A6%86/3169875
15,https://baike.baidu.com/item/%E6%B8%85%E5%8D%8E%E5%A4%A7%E5%AD%A6%E8%89%BA%E6%9C%AF%E5%8D%9A%E7%89%A9%E9%A6%86/17565543
16,https://baike.baidu.com/item/%E5%A4%A9%E6%B4%A5%E5%8D%9A%E7%89%A9%E9%A6%86
17,https://baike.baidu.com/item/%E5%A4%A9%E6%B4%A5%E8%87%AA%E7%84%B6%E5%8D%9A%E7%89%A9%E9%A6%86
18,https://baike.baidu.com/item/%E5%91%A8%E6%81%A9%E6%9D%A5%E9%82%93%E9%A2%96%E8%B6%85%E7%BA%AA%E5%BF%B5%E9%A6%86
19,https://baike.baidu.com/item/%E5%B9%B3%E6%B4%A5%E6%88%98%E5%BD%B9%E7%BA%AA%E5%BF%B5%E9%A6%86/1223670
20,https://baike.baidu.com/item/%E6%B2%B3%E5%8C%97%E5%8D%9A%E7%89%A9%E9%99%A2
21,https://baike.baidu.com/item/%E8%A5%BF%E6%9F%8F%E5%9D%A1%E7%BA%AA%E5%BF%B5%E9%A6%86
22,https://baike.baidu.com/item/%E9%82%AF%E9%83%B8%E5%B8%82%E5%8D%9A%E7%89%A9%E9%A6%86/10454680
23,https://baike.baidu.com/item/%E5%B1%B1%E8%A5%BF%E5%8D%9A%E7%89%A9%E9%99%A2
24,https://baike.baidu.com/item/%E4%B8%AD%E5%9B%BD%E7%85%A4%E7%82%AD%E5%8D%9A%E7%89%A9%E9%A6%86
25,https://baike.baidu.com/item/%E5%85%AB%E8%B7%AF%E5%86%9B%E5%A4%AA%E8%A1%8C%E7%BA%AA%E5%BF%B5%E9%A6%86
26,https://baike.baidu.com/item/%E5%A4%A7%E5%90%8C%E5%B8%82%E5%8D%9A%E7%89%A9%E9%A6%86/1777948
27,https://baike.baidu.com/item/%E5%B1%B1%E8%A5%BF%E5%9C%B0%E8%B4%A8%E5%8D%9A%E7%89%A9%E9%A6%86/13877240
28,https://baike.baidu.com/item/%E4%B8%B4%E6%B1%BE%E5%B8%82%E5%8D%9A%E7%89%A9%E9%A6%86/8054488
29,https://baike.baidu.com/item/%E5%86%85%E8%92%99%E5%8F%A4%E5%8D%9A%E7%89%A9%E9%99%A2
30,https://baike.baidu.com/item/%E9%84%82%E5%B0%94%E5%A4%9A%E6%96%AF%E5%8D%9A%E7%89%A9%E9%A6%86/4468890
31,https://baike.baidu.com/item/%E8%B5%A4%E5%B3%B0%E5%8D%9A%E7%89%A9%E9%A6%86/7268303
32,https://baike.baidu.com/item/%E8%BE%BD%E5%AE%81%E7%9C%81%E5%8D%9A%E7%89%A9%E9%A6%86
33,https://baike.baidu.com/item/%E2%80%9C%E4%B9%9D%C2%B7%E4%B8%80%E5%85%AB%E2%80%9D%E5%8E%86%E5%8F%B2%E5%8D%9A%E7%89%A9%E9%A6%86
34,https://baike.baidu.com/item/%E6%97%85%E9%A1%BA%E5%8D%9A%E7%89%A9%E9%A6%86
35,https://baike.baidu.com/item/%E6%B2%88%E9%98%B3%E6%95%85%E5%AE%AB%E5%8D%9A%E7%89%A9%E9%99%A2/1630137
36,https://baike.baidu.com/item/%E5%A4%A7%E8%BF%9E%E8%87%AA%E7%84%B6%E5%8D%9A%E7%89%A9%E9%A6%86/8023433
37,https://baike.baidu.com/item/%E5%90%89%E6%9E%97%E7%9C%81%E8%87%AA%E7%84%B6%E5%8D%9A%E7%89%A9%E9%A6%86
38,https://baike.baidu.com/item/%E5%90%89%E6%9E%97%E7%9C%81%E5%8D%9A%E7%89%A9%E9%99%A2
39,https://baike.baidu.com/item/%E4%BC%AA%E6%BB%A1%E7%9A%87%E5%AE%AB%E5%8D%9A%E7%89%A9%E9%99%A2/2151196
40,https://baike.baidu.com/item/%E4%B8%9C%E5%8C%97%E7%83%88%E5%A3%AB%E7%BA%AA%E5%BF%B5%E9%A6%86
41,https://baike.baidu.com/item/%E9%93%81%E4%BA%BA%E7%8E%8B%E8%BF%9B%E5%96%9C%E7%BA%AA%E5%BF%B5%E9%A6%86
42,https://baike.baidu.com/item/%E7%88%B1%E8%BE%89%E5%8E%86%E5%8F%B2%E9%99%88%E5%88%97%E9%A6%86
43,https://baike.baidu.com/item/%E9%BB%91%E9%BE%99%E6%B1%9F%E7%9C%81%E5%8D%9A%E7%89%A9%E9%A6%86
44,https://baike.baidu.com/item/%E5%A4%A7%E5%BA%86%E5%8D%9A%E7%89%A9%E9%A6%86/9543179
45,https://baike.baidu.com/item/%E9%BB%91%E9%BE%99%E6%B1%9F%E7%9C%81%E6%B0%91%E6%97%8F%E5%8D%9A%E7%89%A9%E9%A6%86/2887345
46,https://baike.baidu.com/item/%E4%B8%8A%E6%B5%B7%E5%8D%9A%E7%89%A9%E9%A6%86
47,https://baike.baidu.com/item/%E4%B8%8A%E6%B5%B7%E9%B2%81%E8%BF%85%E7%BA%AA%E5%BF%B5%E9%A6%86
48,https://baike.baidu.com/item/%E4%B8%8A%E6%B5%B7%E7%A7%91%E6%8A%80%E9%A6%86
49,https://baike.baidu.com/item/%E9%99%88%E4%BA%91%E7%BA%AA%E5%BF%B5%E9%A6%86/14689064
50,https://baike.baidu.com/item/%E4%B8%8A%E6%B5%B7%E4%B8%AD%E5%9B%BD%E8%88%AA%E6%B5%B7%E5%8D%9A%E7%89%A9%E9%A6%86/9299427
51,https://baike.baidu.com/item/%E4%B8%8A%E6%B5%B7%E5%B8%82%E9%BE%99%E5%8D%8E%E7%83%88%E5%A3%AB%E7%BA%AA%E5%BF%B5%E9%A6%86/53589990
52,https://baike.baidu.com/item/%E5%8D%97%E4%BA%AC%E5%8D%9A%E7%89%A9%E9%99%A2
53,https://baike.baidu.com/item/%E4%BE%B5%E5%8D%8E%E6%97%A5%E5%86%9B%E5%8D%97%E4%BA%AC%E5%A4%A7%E5%B1%A0%E6%9D%80%E9%81%87%E9%9A%BE%E5%90%8C%E8%83%9E%E7%BA%AA%E5%BF%B5%E9%A6%86
54,https://baike.baidu.com/item/%E5%8D%97%E9%80%9A%E5%8D%9A%E7%89%A9%E8%8B%91
55,https://baike.baidu.com/item/%E8%8B%8F%E5%B7%9E%E5%8D%9A%E7%89%A9%E9%A6%86
56,https://baike.baidu.com/item/%E6%89%AC%E5%B7%9E%E5%8D%9A%E7%89%A9%E9%A6%86
57,https://baike.baidu.com/item/%E5%B8%B8%E5%B7%9E%E5%8D%9A%E7%89%A9%E9%A6%86/1765322
58,https://baike.baidu.com/item/%E5%8D%97%E4%BA%AC%E5%B8%82%E5%8D%9A%E7%89%A9%E6%80%BB%E9%A6%86
59,https://baike.baidu.com/item/%E9%9B%A8%E8%8A%B1%E5%8F%B0%E7%83%88%E5%A3%AB%E7%BA%AA%E5%BF%B5%E9%A6%86/4544039
60,https://baike.baidu.com/item/%E6%97%A0%E9%94%A1%E5%8D%9A%E7%89%A9%E9%99%A2/5947063
61,https://baike.baidu.com/item/%E5%BE%90%E5%B7%9E%E5%8D%9A%E7%89%A9%E9%A6%86/7564364
62,https://baike.baidu.com/item/%E5%B8%B8%E7%86%9F%E5%8D%9A%E7%89%A9%E9%A6%86/8648813
63,https://baike.baidu.com/item/%E6%B5%99%E6%B1%9F%E7%9C%81%E5%8D%9A%E7%89%A9%E9%A6%86
64,https://baike.baidu.com/item/%E4%B8%AD%E5%9B%BD%E4%B8%9D%E7%BB%B8%E5%8D%9A%E7%89%A9%E9%A6%86
65,https://baike.baidu.com/item/%E5%AE%81%E6%B3%A2%E5%8D%9A%E7%89%A9%E9%A6%86
66,https://baike.baidu.com/item/%E6%9D%AD%E5%B7%9E%E5%8D%9A%E7%89%A9%E9%A6%86/5133976
67,https://baike.baidu.com/item/%E6%B8%A9%E5%B7%9E%E5%8D%9A%E7%89%A9%E9%A6%86
68,https://baike.baidu.com/item/%E6%9D%AD%E5%B7%9E%E8%A5%BF%E6%B9%96%E5%8D%9A%E7%89%A9%E9%A6%86/10476110
69,https://baike.baidu.com/item/%E4%B8%AD%E5%9B%BD%E8%8C%B6%E5%8F%B6%E5%8D%9A%E7%89%A9%E9%A6%86/2036659
70,https://baike.baidu.com/item/%E6%9D%AD%E5%B7%9E%E5%B7%A5%E8%89%BA%E7%BE%8E%E6%9C%AF%E5%8D%9A%E7%89%A9%E9%A6%86/3726158
71,https://baike.baidu.com/item/%E5%AE%81%E6%B3%A2%E5%B8%82%E5%A4%A9%E4%B8%80%E9%98%81%E5%8D%9A%E7%89%A9%E9%A6%86/24519846
72,https://baike.baidu.com/item/%E5%AE%81%E6%B3%A2%E4%B8%AD%E5%9B%BD%E6%B8%AF%E5%8F%A3%E5%8D%9A%E7%89%A9%E9%A6%86/19518888
73,https://baike.baidu.com/item/%E5%8D%97%E6%B9%96%E9%9D%A9%E5%91%BD%E7%BA%AA%E5%BF%B5%E9%A6%86/4544827
74,https://baike.baidu.com/item/%E8%88%9F%E5%B1%B1%E5%8D%9A%E7%89%A9%E9%A6%86/400705
75,https://baike.baidu.com/item/%E5%AE%89%E5%BE%BD%E7%9C%81%E5%8D%9A%E7%89%A9%E9%A6%86
76,https://baike.baidu.com/item/%E5%AE%89%E5%BE%BD%E4%B8%AD%E5%9B%BD%E5%BE%BD%E5%B7%9E%E6%96%87%E5%8C%96%E5%8D%9A%E7%89%A9%E9%A6%86/8787681
77,https://baike.baidu.com/item/%E5%AE%89%E5%BE%BD%E7%9C%81%E5%9C%B0%E8%B4%A8%E5%8D%9A%E7%89%A9%E9%A6%86/8023610
78,https://baike.baidu.com/item/%E6%B7%AE%E5%8C%97%E5%B8%82%E5%8D%9A%E7%89%A9%E9%A6%86/10018744
79,https://baike.baidu.com/item/%E5%AE%BF%E5%B7%9E%E5%B8%82%E5%8D%9A%E7%89%A9%E9%A6%86/19939341
80,https://baike.baidu.com/item/%E8%9A%8C%E5%9F%A0%E5%B8%82%E5%8D%9A%E7%89%A9%E9%A6%86/10018782
81,https://baike.baidu.com/item/%E7%A6%8F%E5%BB%BA%E5%8D%9A%E7%89%A9%E9%99%A2
82,https://baike.baidu.com/item/%E5%8F%A4%E7%94%B0%E4%BC%9A%E8%AE%AE%E7%BA%AA%E5%BF%B5%E9%A6%86
83,https://baike.baidu.com/item/%E6%B3%89%E5%B7%9E%E6%B5%B7%E5%A4%96%E4%BA%A4%E9%80%9A%E5%8F%B2%E5%8D%9A%E7%89%A9%E9%A6%86
84,https://baike.baidu.com/item/%E4%B8%AD%E5%9B%BD%E9%97%BD%E5%8F%B0%E7%BC%98%E5%8D%9A%E7%89%A9%E9%A6%86
85,https://baike.baidu.com/item/%E4%B8%AD%E5%A4%AE%E8%8B%8F%E5%8C%BA%EF%BC%88%E9%97%BD%E8%A5%BF%EF%BC%89%E5%8E%86%E5%8F%B2%E5%8D%9A%E7%89%A9%E9%A6%86/22107463
86,https://baike.baidu.com/item/%E4%BA%95%E5%86%88%E5%B1%B1%E9%9D%A9%E5%91%BD%E5%8D%9A%E7%89%A9%E9%A6%86
87,https://baike.baidu.com/item/%E6%B1%9F%E8%A5%BF%E7%9C%81%E5%8D%9A%E7%89%A9%E9%A6%86
88,https://baike.baidu.com/item/%E7%91%9E%E9%87%91%E4%B8%AD%E5%A4%AE%E9%9D%A9%E5%91%BD%E6%A0%B9%E6%8D%AE%E5%9C%B0%E7%BA%AA%E5%BF%B5%E9%A6%86
89,https://baike.baidu.com/item/%E5%8D%97%E6%98%8C%E5%85%AB%E4%B8%80%E8%B5%B7%E4%B9%89%E7%BA%AA%E5%BF%B5%E9%A6%86
90,https://baike.baidu.com/item/%E5%AE%89%E6%BA%90%E8%B7%AF%E7%9F%BF%E5%B7%A5%E4%BA%BA%E8%BF%90%E5%8A%A8%E7%BA%AA%E5%BF%B5%E9%A6%86/1410112
91,https://baike.baidu.com/item/%E5%85%AB%E5%A4%A7%E5%B1%B1%E4%BA%BA%E7%BA%AA%E5%BF%B5%E9%A6%86/647149
92,https://baike.baidu.com/item/%E4%B9%9D%E6%B1%9F%E5%B8%82%E5%8D%9A%E7%89%A9%E9%A6%86/4795567
93,https://baike.baidu.com/item/%E6%B1%9F%E8%A5%BF%E7%9C%81%E5%BA%90%E5%B1%B1%E5%8D%9A%E7%89%A9%E9%A6%86/24481164
94,https://baike.baidu.com/item/%E8%B5%A3%E5%B7%9E%E5%B8%82%E5%8D%9A%E7%89%A9%E9%A6%86/9075190
95,https://baike.baidu.com/item/%E6%99%AF%E5%BE%B7%E9%95%87%E4%B8%AD%E5%9B%BD%E9%99%B6%E7%93%B7%E5%8D%9A%E7%89%A9%E9%A6%86/10856789
96,https://baike.baidu.com/item/%E8%90%8D%E4%B9%A1%E5%8D%9A%E7%89%A9%E9%A6%86/1663230
97,https://baike.baidu.com/item/%E9%9D%92%E5%B2%9B%E5%B8%82%E5%8D%9A%E7%89%A9%E9%A6%86
98,https://baike.baidu.com/item/%E4%B8%AD%E5%9B%BD%E7%94%B2%E5%8D%88%E6%88%98%E4%BA%89%E5%8D%9A%E7%89%A9%E9%A6%86
99,https://baike.baidu.com/item/%E9%9D%92%E5%B7%9E%E5%8D%9A%E7%89%A9%E9%A6%86
100,https://baike.baidu.com/item/%E5%B1%B1%E4%B8%9C%E5%8D%9A%E7%89%A9%E9%A6%86
101,https://baike.baidu.com/item/%E7%83%9F%E5%8F%B0%E5%B8%82%E5%8D%9A%E7%89%A9%E9%A6%86/7522330
102,https://baike.baidu.com/item/%E6%BD%8D%E5%9D%8A%E5%B8%82%E5%8D%9A%E7%89%A9%E9%A6%86/124585
103,https://baike.baidu.com/item/%E5%AD%94%E5%AD%90%E5%8D%9A%E7%89%A9%E9%A6%86/496259
104,https://baike.baidu.com/item/%E6%B5%8E%E5%8D%97%E5%B8%82%E5%8D%9A%E7%89%A9%E9%A6%86/118264
105,https://baike.baidu.com/item/%E6%B5%8E%E5%8D%97%E5%B8%82%E7%AB%A0%E4%B8%98%E5%8C%BA%E5%8D%9A%E7%89%A9%E9%A6%86/53549088
106,https://baike.baidu.com/item/%E5%B1%B1%E4%B8%9C%E5%A4%A7%E5%AD%A6%E5%8D%9A%E7%89%A9%E9%A6%86/195087
107,https://baike.baidu.com/item/%E9%9D%92%E5%B2%9B%E5%95%A4%E9%85%92%E5%8D%9A%E7%89%A9%E9%A6%86/560506
108,https://baike.baidu.com/item/%E9%9D%92%E5%B2%9B%E5%B1%B1%E7%82%AE%E5%8F%B0%E9%81%97%E5%9D%80%E5%B1%95%E8%A7%88%E9%A6%86/53520244
109,https://baike.baidu.com/item/%E6%B7%84%E5%8D%9A%E5%B8%82%E9%99%B6%E7%93%B7%E5%8D%9A%E7%89%A9%E9%A6%86/17832943
110,https://baike.baidu.com/item/%E9%BD%90%E6%96%87%E5%8C%96%E5%8D%9A%E7%89%A9%E9%99%A2/641941
111,https://baike.baidu.com/item/%E5%B1%B1%E4%B8%9C%E7%9C%81%E6%BB%95%E5%B7%9E%E5%B8%82%E5%8D%9A%E7%89%A9%E9%A6%86/24167836
112,https://baike.baidu.com/item/%E6%BB%95%E5%B7%9E%E5%B8%82%E6%B1%89%E7%94%BB%E5%83%8F%E7%9F%B3%E9%A6%86/12602793
113,https://baike.baidu.com/item/%E6%B5%8E%E5%AE%81%E5%B8%82%E5%8D%9A%E7%89%A9%E9%A6%86/3430367
114,https://baike.baidu.com/item/%E4%B8%B4%E6%B2%82%E5%B8%82%E5%8D%9A%E7%89%A9%E9%A6%86/8130166
115,https://baike.baidu.com/item/%E6%B2%B3%E5%8D%97%E5%8D%9A%E7%89%A9%E9%99%A2
116,https://baike.baidu.com/item/%E9%83%91%E5%B7%9E%E5%8D%9A%E7%89%A9%E9%A6%86
117,https://baike.baidu.com/item/%E6%B4%9B%E9%98%B3%E5%8D%9A%E7%89%A9%E9%A6%86
118,https://baike.baidu.com/item/%E5%8D%97%E9%98%B3%E6%B1%89%E7%94%BB%E9%A6%86
119,https://baike.baidu.com/item/%E5%BC%80%E5%B0%81%E5%B8%82%E5%8D%9A%E7%89%A9%E9%A6%86/1628889
120,https://baike.baidu.com/item/%E9%84%82%E8%B1%AB%E7%9A%96%E8%8B%8F%E5%8C%BA%E9%A6%96%E5%BA%9C%E9%9D%A9%E5%91%BD%E5%8D%9A%E7%89%A9%E9%A6%86/4654770
121,https://baike.baidu.com/item/%E4%B8%AD%E5%9B%BD%E6%96%87%E5%AD%97%E5%8D%9A%E7%89%A9%E9%A6%86/11056750
122,https://baike.baidu.com/item/%E5%B9%B3%E9%A1%B6%E5%B1%B1%E5%8D%9A%E7%89%A9%E9%A6%86/2069582
123,https://baike.baidu.com/item/%E5%AE%89%E9%98%B3%E5%8D%9A%E7%89%A9%E9%A6%86/53484963
124,https://baike.baidu.com/item/%E6%B9%96%E5%8C%97%E7%9C%81%E5%8D%9A%E7%89%A9%E9%A6%86
125,https://baike.baidu.com/item/%E8%8D%86%E5%B7%9E%E5%8D%9A%E7%89%A9%E9%A6%86
126,https://baike.baidu.com/item/%E6%AD%A6%E6%B1%89%E5%8D%9A%E7%89%A9%E9%A6%86
127,https://baike.baidu.com/item/%E8%BE%9B%E4%BA%A5%E9%9D%A9%E5%91%BD%E6%AD%A6%E6%98%8C%E8%B5%B7%E4%B9%89%E7%BA%AA%E5%BF%B5%E9%A6%86/1797961
128,https://baike.baidu.com/item/%E6%AD%A6%E6%B1%89%E5%B8%82%E4%B8%AD%E5%B1%B1%E8%88%B0%E5%8D%9A%E7%89%A9%E9%A6%86/49861362
129,https://baike.baidu.com/item/%E6%AD%A6%E6%B1%89%E9%9D%A9%E5%91%BD%E5%8D%9A%E7%89%A9%E9%A6%86/6428954
130,https://baike.baidu.com/item/%E9%95%BF%E6%B1%9F%E6%96%87%E6%98%8E%E9%A6%86/16335905
131,https://baike.baidu.com/item/%E5%AE%9C%E6%98%8C%E5%8D%9A%E7%89%A9%E9%A6%86/9781413
132,https://baike.baidu.com/item/%E9%9A%8F%E5%B7%9E%E5%B8%82%E5%8D%9A%E7%89%A9%E9%A6%86/14123259
133,https://baike.baidu.com/item/%E6%B9%96%E5%8D%97%E7%9C%81%E5%8D%9A%E7%89%A9%E9%A6%86
134,https://baike.baidu.com/item/%E9%9F%B6%E5%B1%B1%E6%AF%9B%E6%B3%BD%E4%B8%9C%E6%95%85%E5%B1%85%E7%BA%AA%E5%BF%B5%E9%A6%86
135,https://baike.baidu.com/item/%E5%88%98%E5%B0%91%E5%A5%87%E6%95%85%E5%B1%85%E7%BA%AA%E5%BF%B5%E9%A6%86
136,https://baike.baidu.com/item/%E9%95%BF%E6%B2%99%E7%AE%80%E7%89%8D%E5%8D%9A%E7%89%A9%E9%A6%86/5388818
137,https://baike.baidu.com/item/%E9%95%BF%E6%B2%99%E5%B8%82%E5%8D%9A%E7%89%A9%E9%A6%86/8711557
138,https://baike.baidu.com/item/%E8%83%A1%E8%80%80%E9%82%A6%E5%90%8C%E5%BF%97%E7%BA%AA%E5%BF%B5%E9%A6%86/24253700
139,https://baike.baidu.com/item/%E5%B9%BF%E4%B8%9C%E7%9C%81%E5%8D%9A%E7%89%A9%E9%A6%86
140,https://baike.baidu.com/item/%E8%A5%BF%E6%B1%89%E5%8D%97%E8%B6%8A%E7%8E%8B%E5%8D%9A%E7%89%A9%E9%A6%86
141,https://baike.baidu.com/item/%E5%AD%99%E4%B8%AD%E5%B1%B1%E6%95%85%E5%B1%85%E7%BA%AA%E5%BF%B5%E9%A6%86
142,https://baike.baidu.com/item/%E6%B7%B1%E5%9C%B3%E5%8D%9A%E7%89%A9%E9%A6%86
143,https://baike.baidu.com/item/%E5%B9%BF%E5%B7%9E%E5%8D%9A%E7%89%A9%E9%A6%86/1628441
144,https://baike.baidu.com/item/%E5%B9%BF%E4%B8%9C%E6%B0%91%E9%97%B4%E5%B7%A5%E8%89%BA%E5%8D%9A%E7%89%A9%E9%A6%86/1627374
145,https://baike.baidu.com/item/%E5%B9%BF%E5%B7%9E%E8%89%BA%E6%9C%AF%E5%8D%9A%E7%89%A9%E9%99%A2/1786069
146,https://baike.baidu.com/item/%E5%B9%BF%E4%B8%9C%E4%B8%AD%E5%9B%BD%E5%AE%A2%E5%AE%B6%E5%8D%9A%E7%89%A9%E9%A6%86/23612999
147,https://baike.baidu.com/item/%E9%B8%A6%E7%89%87%E6%88%98%E4%BA%89%E5%8D%9A%E7%89%A9%E9%A6%86/1880085
148,https://baike.baidu.com/item/%E5%B9%BF%E4%B8%9C%E6%B5%B7%E4%B8%8A%E4%B8%9D%E7%BB%B8%E4%B9%8B%E8%B7%AF%E5%8D%9A%E7%89%A9%E9%A6%86/6021987
149,https://baike.baidu.com/item/%E5%B9%BF%E8%A5%BF%E5%A3%AE%E6%97%8F%E8%87%AA%E6%B2%BB%E5%8C%BA%E5%8D%9A%E7%89%A9%E9%A6%86
150,https://baike.baidu.com/item/%E5%B9%BF%E8%A5%BF%E6%B0%91%E6%97%8F%E5%8D%9A%E7%89%A9%E9%A6%86/2825713
151,https://baike.baidu.com/item/%E6%A1%82%E6%9E%97%E5%8D%9A%E7%89%A9%E9%A6%86/1628382
152,https://baike.baidu.com/item/%E6%B5%B7%E5%8D%97%E7%9C%81%E5%8D%9A%E7%89%A9%E9%A6%86
153,https://baike.baidu.com/item/%E4%B8%AD%E5%9B%BD%EF%BC%88%E6%B5%B7%E5%8D%97%EF%BC%89%E5%8D%97%E6%B5%B7%E5%8D%9A%E7%89%A9%E9%A6%86/20614573
154,https://baike.baidu.com/item/%E8%87%AA%E8%B4%A1%E6%81%90%E9%BE%99%E5%8D%9A%E7%89%A9%E9%A6%86
155,https://baike.baidu.com/item/%E4%B8%89%E6%98%9F%E5%A0%86%E5%8D%9A%E7%89%A9%E9%A6%86
156,https://baike.baidu.com/item/%E6%88%90%E9%83%BD%E6%AD%A6%E4%BE%AF%E7%A5%A0%E5%8D%9A%E7%89%A9%E9%A6%86
157,https://baike.baidu.com/item/%E9%82%93%E5%B0%8F%E5%B9%B3%E6%95%85%E5%B1%85%E9%99%88%E5%88%97%E9%A6%86
158,https://baike.baidu.com/item/%E6%88%90%E9%83%BD%E6%9D%9C%E7%94%AB%E8%8D%89%E5%A0%82%E5%8D%9A%E7%89%A9%E9%A6%86
159,https://baike.baidu.com/item/%E5%9B%9B%E5%B7%9D%E5%8D%9A%E7%89%A9%E9%99%A2
160,https://baike.baidu.com/item/%E6%88%90%E9%83%BD%E9%87%91%E6%B2%99%E9%81%97%E5%9D%80%E5%8D%9A%E7%89%A9%E9%A6%86
161,https://baike.baidu.com/item/%E8%87%AA%E8%B4%A1%E5%B8%82%E7%9B%90%E4%B8%9A%E5%8E%86%E5%8F%B2%E5%8D%9A%E7%89%A9%E9%A6%86/2035378
162,https://baike.baidu.com/item/%E6%88%90%E9%83%BD%E5%8D%9A%E7%89%A9%E9%A6%86/49728838
163,https://baike.baidu.com/item/%E5%9B%9B%E5%B7%9D%E7%9C%81%E5%BB%BA%E5%B7%9D%E5%8D%9A%E7%89%A9%E9%A6%86/53517931
164,https://baike.baidu.com/item/5%C2%B712%E6%B1%B6%E5%B7%9D%E7%89%B9%E5%A4%A7%E5%9C%B0%E9%9C%87%E7%BA%AA%E5%BF%B5%E9%A6%86/15421377
165,https://baike.baidu.com/item/%E6%9C%B1%E5%BE%B7%E5%90%8C%E5%BF%97%E6%95%85%E5%B1%85%E7%BA%AA%E5%BF%B5%E9%A6%86/2966593
166,https://baike.baidu.com/item/%E9%81%B5%E4%B9%89%E4%BC%9A%E8%AE%AE%E7%BA%AA%E5%BF%B5%E9%A6%86
167,https://baike.baidu.com/item/%E8%B4%B5%E5%B7%9E%E7%9C%81%E5%8D%9A%E7%89%A9%E9%A6%86/1628024
168,https://baike.baidu.com/item/%E8%B4%B5%E5%B7%9E%E7%9C%81%E6%B0%91%E6%97%8F%E5%8D%9A%E7%89%A9%E9%A6%86/16708666
169,https://baike.baidu.com/item/%E5%9B%9B%E6%B8%A1%E8%B5%A4%E6%B0%B4%E7%BA%AA%E5%BF%B5%E9%A6%86/10949818
170,https://baike.baidu.com/item/%E4%BA%91%E5%8D%97%E7%9C%81%E5%8D%9A%E7%89%A9%E9%A6%86
171,https://baike.baidu.com/item/%E4%BA%91%E5%8D%97%E6%B0%91%E6%97%8F%E5%8D%9A%E7%89%A9%E9%A6%86
172,https://baike.baidu.com/item/%E9%87%8D%E5%BA%86%E4%B8%AD%E5%9B%BD%E4%B8%89%E5%B3%A1%E5%8D%9A%E7%89%A9%E9%A6%86
173,https://baike.baidu.com/item/%E9%87%8D%E5%BA%86%E7%BA%A2%E5%B2%A9%E9%9D%A9%E5%91%BD%E5%8E%86%E5%8F%B2%E5%8D%9A%E7%89%A9%E9%A6%86
174,https://baike.baidu.com/item/%E9%87%8D%E5%BA%86%E8%87%AA%E7%84%B6%E5%8D%9A%E7%89%A9%E9%A6%86/8022419
175,https://baike.baidu.com/item/%E9%87%8D%E5%BA%86%E4%B8%89%E5%B3%A1%E7%A7%BB%E6%B0%91%E7%BA%AA%E5%BF%B5%E9%A6%86/53499968
176,https://baike.baidu.com/item/%E5%A4%A7%E8%B6%B3%E7%9F%B3%E5%88%BB%E5%8D%9A%E7%89%A9%E9%A6%86/1010507
177,https://baike.baidu.com/item/%E8%A5%BF%E8%97%8F%E5%8D%9A%E7%89%A9%E9%A6%86
178,https://baike.baidu.com/item/%E9%99%95%E8%A5%BF%E5%8E%86%E5%8F%B2%E5%8D%9A%E7%89%A9%E9%A6%86
179,https://baike.baidu.com/item/%E7%A7%A6%E5%A7%8B%E7%9A%87%E5%85%B5%E9%A9%AC%E4%BF%91%E5%8D%9A%E7%89%A9%E9%A6%86
180,https://baike.baidu.com/item/%E5%BB%B6%E5%AE%89%E9%9D%A9%E5%91%BD%E7%BA%AA%E5%BF%B5%E9%A6%86
181,https://baike.baidu.com/item/%E6%B1%89%E9%98%B3%E9%99%B5%E5%8D%9A%E7%89%A9%E9%A6%86
182,https://baike.baidu.com/item/%E8%A5%BF%E5%AE%89%E7%A2%91%E6%9E%97%E5%8D%9A%E7%89%A9%E9%A6%86
183,https://baike.baidu.com/item/%E8%A5%BF%E5%AE%89%E5%8D%8A%E5%9D%A1%E5%8D%9A%E7%89%A9%E9%A6%86
184,https://baike.baidu.com/item/%E8%A5%BF%E5%AE%89%E5%8D%9A%E7%89%A9%E9%99%A2
185,https://baike.baidu.com/item/%E5%AE%9D%E9%B8%A1%E9%9D%92%E9%93%9C%E5%99%A8%E5%8D%9A%E7%89%A9%E9%99%A2/4046043
186,https://baike.baidu.com/item/%E8%A5%BF%E5%AE%89%E5%A4%A7%E5%94%90%E8%A5%BF%E5%B8%82%E5%8D%9A%E7%89%A9%E9%A6%86/15717208
187,https://baike.baidu.com/item/%E7%94%98%E8%82%83%E7%9C%81%E5%8D%9A%E7%89%A9%E9%A6%86
188,https://baike.baidu.com/item/%E5%A4%A9%E6%B0%B4%E5%B8%82%E5%8D%9A%E7%89%A9%E9%A6%86/1820372
189,https://baike.baidu.com/item/%E6%95%A6%E7%85%8C%E7%A0%94%E7%A9%B6%E9%99%A2/1719397
