北京故宫博物院,"
北京市东城区景山前街4号
[40]?
",https://baike.baidu.com/pic/%E5%8C%97%E4%BA%AC%E6%95%85%E5%AE%AB%E5%8D%9A%E7%89%A9%E9%99%A2/8663390/0/0e2442a7d933c895d14314a3c95964f082025bafaa9b?fr=lemma&ct=single, 北京故宫博物院是一座中国综合性博物馆，建立于1925年10月10日，位于北京故宫紫禁城内，收藏品包括但不限于明朝、清朝两代皇宫及其收藏。
中国科学技术馆,"
国家综合性科技馆
",https://baike.baidu.com/pic/%E4%B8%AD%E5%9B%BD%E7%A7%91%E5%AD%A6%E6%8A%80%E6%9C%AF%E9%A6%86/1751615/0/4bd1e8033a8301473912bbe4?fr=lemma&ct=single, 中国科学技术馆新馆位于朝阳区北辰东路5号，东临亚运居住区，西濒奥运水系，南依奥运主体育场，北望森林公园，占地4.8万平方米，建筑规模10.2万平方米，是奥林匹克公园中心区体现“绿色奥运、科技奥运、人文奥运”三大理念的重要组成部分。
中国地质博物馆,"
地质学博物馆
",https://baike.baidu.com/pic/%E4%B8%AD%E5%9B%BD%E5%9C%B0%E8%B4%A8%E5%8D%9A%E7%89%A9%E9%A6%86/1533422/0/0865b51893fa133534fa4120?fr=lemma&ct=single, 中国地质博物馆是中国国家级地质学博物馆，成立于1916年。
中国人民革命军事博物馆,"
军事历史博物馆
",https://baike.baidu.com/pic/%E4%B8%AD%E5%9B%BD%E4%BA%BA%E6%B0%91%E9%9D%A9%E5%91%BD%E5%86%9B%E4%BA%8B%E5%8D%9A%E7%89%A9%E9%A6%86/1777424/0/a6efce1b9d16fdfaaf51e186d0c69b5494eef01fcd08?fr=lemma&ct=single, 中国人民革命军事博物馆位于北京天安门西面的长安街延长线上，筹建于1959年，是向国庆10周年献礼的首都十大建筑之一。
中国航空博物馆,"
720000 m2
",https://baike.baidu.com/pic/%E4%B8%AD%E5%9B%BD%E8%88%AA%E7%A9%BA%E5%8D%9A%E7%89%A9%E9%A6%86/1632663/0/bd7faf3576ded7b1a61e12fb?fr=lemma&ct=single, 中国航空博物馆是中国第一座对外开放的大型航空博物馆，该馆坐落在北京市昌平区大汤山脚下。
北京鲁迅博物馆,"
社会科学类人物博物馆，旧址类博物馆
",https://baike.baidu.com/pic/%E5%8C%97%E4%BA%AC%E9%B2%81%E8%BF%85%E5%8D%9A%E7%89%A9%E9%A6%86/3402692/0/d52a2834349b033b5bb53929598521d3d539b70017a6?fr=lemma&ct=single," 北京鲁迅博物馆（Beijing Luxun Museum）是由原北京鲁迅博物馆和北京新文化运动纪念馆于2014年7月合并组建而成，包括北京鲁迅博物馆馆区和新文化运动纪念馆馆区
[1]?
。"
首都博物馆,"
北京市西城区复兴门外大街16号
",https://baike.baidu.com/pic/%E9%A6%96%E9%83%BD%E5%8D%9A%E7%89%A9%E9%A6%86/1211541/0/bf4875633e2501050c33facc?fr=lemma&ct=single, 首都博物馆简称首博，位于北京长安街西延长线上、白云路的西侧，复兴门外大街16号。
北京自然博物馆,"
自然类博物馆
",https://baike.baidu.com/pic/%E5%8C%97%E4%BA%AC%E8%87%AA%E7%84%B6%E5%8D%9A%E7%89%A9%E9%A6%86/2002464/0/0824ab18972bd40787ebcfa87d899e510fb309b2?fr=lemma&ct=single, 北京自然博物馆是一座大型自然历史博物馆，主要从事古生物、动物、植物和人类学等领域的标本收藏、科学研究和科学普及工作。
中国人民抗日战争纪念馆,"
战争历史纪念馆
",https://baike.baidu.com/pic/%E4%B8%AD%E5%9B%BD%E4%BA%BA%E6%B0%91%E6%8A%97%E6%97%A5%E6%88%98%E4%BA%89%E7%BA%AA%E5%BF%B5%E9%A6%86/1777646/0/03087bf40ad162d9f2d31890ac94beec8a13622767a1?fr=lemma&ct=single, 中国人民抗日战争纪念馆，坐落在北京市丰台区卢沟桥畔宛平城内，距市中心约15公里。
中国国家博物馆,"
综合性博物馆
",https://baike.baidu.com/pic/%E4%B8%AD%E5%9B%BD%E5%9B%BD%E5%AE%B6%E5%8D%9A%E7%89%A9%E9%A6%86/567902/0/caef76094b36acaf2eddbeaa3c909a1001e939013606?fr=lemma&ct=single, 中国国家博物馆，英文National Museum of China，简称国博，位于北京市中心天安门广场东侧，东长安街南侧，与人民大会堂东西相对称，是历史与艺术并重，集收藏、展览、研究、考古、公共教育、文化交流于一体的综合性博物馆。
中国农业博物馆,"
430000 m2
",https://baike.baidu.com/pic/%E4%B8%AD%E5%9B%BD%E5%86%9C%E4%B8%9A%E5%8D%9A%E7%89%A9%E9%A6%86/1751870/0/80cb39dbb6fd52660819f41aac18972bd407368a?fr=lemma&ct=single, 中国农业博物馆位于北京市朝阳区东三环北路，1983年7月筹建，1986年9月13日正式开放，属于全国农业展览馆建筑群。
北京天文馆,"
国家级自然科学类专题科学博物馆
[2]?
",https://baike.baidu.com/pic/%E5%8C%97%E4%BA%AC%E5%A4%A9%E6%96%87%E9%A6%86/1632709/0/f636afc379310a554e951deab04543a98226107f?fr=lemma&ct=single, 北京天文馆位于北京西直门外大街，是国家级自然科学类专题科学博物馆。
中国印刷博物馆,"
行业博物馆
",https://baike.baidu.com/pic/%E4%B8%AD%E5%9B%BD%E5%8D%B0%E5%88%B7%E5%8D%9A%E7%89%A9%E9%A6%86/1632095/0/4bed2e738bd4b31c47f9e2a788d6277f9f2ff8e1?fr=lemma&ct=single," 中国印刷博物馆（China Printing Museum），位于北京市大兴区黄村兴华北路25号，是世界上最大的印刷专业博物馆，1996年6月1日正式建成并对外开放
[1]?
。"
中国电影博物馆,"
行业博物馆
",https://baike.baidu.com/pic/%E4%B8%AD%E5%9B%BD%E7%94%B5%E5%BD%B1%E5%8D%9A%E7%89%A9%E9%A6%86/3744432/0/4ec2d5628535e5dd75af661376c6a7efcf1b627f?fr=lemma&ct=single," 中国电影博物馆（China National Film Museum），位于北京市朝阳区南影路9号，是世界上最大的国家级电影专业博物馆，是纪念中国电影诞生100周年的标志性建筑，2007年2月10日正式对公众开放
[1-2]?
。"
北京汽车博物馆,"
北京市丰台区南四环西路126号
",https://baike.baidu.com/pic/%E5%8C%97%E4%BA%AC%E6%B1%BD%E8%BD%A6%E5%8D%9A%E7%89%A9%E9%A6%86/3169875/0/8718367adab44aed2e7371174f559001a18b86d64da7?fr=lemma&ct=single, 北京汽车博物馆（Beijing Auto Museum），位于北京市丰台区南四环西路126号，于2011年建成开放，集博物馆、展览馆、科技三位一体，是中国国家公益性汽车主题博物馆。
清华大学艺术博物馆,"
北京清华大学校内光华路
",0, 清华大学艺术博物馆位于清华大学校内，美院大楼北侧，化工电大楼南侧，主楼东侧，财经东路西侧。
天津博物馆,"
天津市河西区友谊路31号
",https://baike.baidu.com/pic/%E5%A4%A9%E6%B4%A5%E5%8D%9A%E7%89%A9%E9%A6%86/1477979/0/a84052082c46d5a70a7b82d0?fr=lemma&ct=single, 天津博物馆位于天津市河西区越秀路与平江道交口的文化中心，是展示中国古代艺术及天津城市发展历史的大型艺术历史类综合性博物。
天津自然博物馆,"
自然博物馆
",https://baike.baidu.com/pic/%E5%A4%A9%E6%B4%A5%E8%87%AA%E7%84%B6%E5%8D%9A%E7%89%A9%E9%A6%86/1324072/0/50da81cb39dbb6fd42256dc90724ab18962b37e6?fr=lemma&ct=single, 天津自然博物馆新馆位于天津文化中心、原天津博物馆内，是中国第一个主题单元化、全景式展示的自然探索、科学体验、科学教育的自然史博物馆。
周恩来邓颖超纪念馆,"
周二-周日9:00-16:00；周一闭馆（节日另行安排）
[22]?
",https://baike.baidu.com/pic/%E5%91%A8%E6%81%A9%E6%9D%A5%E9%82%93%E9%A2%96%E8%B6%85%E7%BA%AA%E5%BF%B5%E9%A6%86/1324599/0/f99dcf0097e74f53728b65ad?fr=lemma&ct=single, 周恩来邓颖超纪念馆位于天津水上公园风景区，建于1998年2月28日，为全国爱国主义教育示范基地、全国廉政教育基地和国家一级博物馆。
平津战役纪念馆,"
免费开放
",https://baike.baidu.com/pic/%E5%B9%B3%E6%B4%A5%E6%88%98%E5%BD%B9%E7%BA%AA%E5%BF%B5%E9%A6%86/1223670/0/b3119313b07eca80963a660a9b2397dda1448324?fr=lemma&ct=single, 平津战役纪念馆，位于天津市红桥区，是一座全面介绍平津战役的现代化展馆。
河北博物院,"
省级综合性博物馆
",https://baike.baidu.com/pic/%E6%B2%B3%E5%8C%97%E5%8D%9A%E7%89%A9%E9%99%A2/14367436/0/242dd42a2834349b0e111ba3ceea15ce36d3be84?fr=lemma&ct=single, 河北博物院位于河北省石家庄市文化广场，北起中山路，南到范西路，东临东大街，西至西大街，是河北省综合性博物馆、全国爱国主义教育示范基地、国家一级博物馆。
西柏坡纪念馆,"
河北省石家庄市平山县西柏坡镇西柏坡村西柏坡景区内
",https://baike.baidu.com/pic/%E8%A5%BF%E6%9F%8F%E5%9D%A1%E7%BA%AA%E5%BF%B5%E9%A6%86/2504558/0/ca525754c8b8166e574e0073?fr=lemma&ct=single, 西柏坡纪念馆（Xibaipo Memorial），位于河北省石家庄市平山县西柏坡镇西柏坡村西柏坡景区内，是解放战争时期中央工委、中共中央和解放军总部的所在地，国家一级博物馆。
邯郸市博物馆,"
18000 m2
",https://baike.baidu.com/pic/%E9%82%AF%E9%83%B8%E5%B8%82%E5%8D%9A%E7%89%A9%E9%A6%86/10454680/0/18d8bc3eb13533fa8cda39f4aad3fd1f40345bff?fr=lemma&ct=single, 邯郸市博物馆位于河北省邯郸市中华北大街45号，成立于1984年，是国家一级博物馆和河北省爱国主义教育基地，主体建筑的前身是1968年建成的“毛泽东思想胜利万岁邯郸展览馆”。
山西博物院,"
山西省太原市滨河西路北段13号
",https://baike.baidu.com/pic/%E5%B1%B1%E8%A5%BF%E5%8D%9A%E7%89%A9%E9%99%A2/3165697/0/3b292df5e0fe9925bc3180bb90e149df8db1ca13db8c?fr=lemma&ct=single, 山西博物院（Shanxi Museum），位于山西省太原市滨河西路北段13号，是首批国家一级博物馆、中央地方共建国家级博物馆培育对象，山西最大的文物征集、收藏、保护、研究和展示中心。
中国煤炭博物馆,"
专业博物馆
",https://baike.baidu.com/pic/%E4%B8%AD%E5%9B%BD%E7%85%A4%E7%82%AD%E5%8D%9A%E7%89%A9%E9%A6%86/1096355/0/8d158aee4864f21b2df5348b?fr=lemma&ct=single, 中国煤炭博物馆位于山西省太原市万柏林区迎泽大街和晋祠路交汇处，1989年9月30日建成开馆。
八路军太行纪念馆,"
08:30-17:30
",https://baike.baidu.com/pic/%E5%85%AB%E8%B7%AF%E5%86%9B%E5%A4%AA%E8%A1%8C%E7%BA%AA%E5%BF%B5%E9%A6%86/1793514/0/37d12f2eb9389b50a36844db8235e5dde6116ea0?fr=lemma&ct=single, 八路军太行纪念馆，位于山西省长治市武乡县城太行街363号，是一座全面反映八路军八年抗战历史的大型革命纪念馆，集旅游观光和博物馆价值为一体的国家一级博物馆和国家AAAA级别旅游景区。
大同市博物馆,"
综合性地志博物馆
",https://baike.baidu.com/pic/%E5%A4%A7%E5%90%8C%E5%B8%82%E5%8D%9A%E7%89%A9%E9%A6%86/1777948/0/738b4710b912c8fc826e465dff039245d7882184?fr=lemma&ct=single, 大同市博物馆是一座地志性综合博物馆，隶属于大同市文物局，位于大同市御东太和路。
山西地质博物馆,"
山西省太原市滨河西路北段17号
",https://baike.baidu.com/pic/%E5%B1%B1%E8%A5%BF%E5%9C%B0%E8%B4%A8%E5%8D%9A%E7%89%A9%E9%A6%86/13877240/0/4e4a20a4462309f79052dd8eac451bf3d7ca7bcb7851?fr=lemma&ct=single, 山西地质博物馆（ShanXi Museum of Geology），位于山西省太原市滨河西路北段17号，毗邻山西博物院、太原市图书馆、中国煤炭博物馆，于2017年5月1日起正式对公众开放，是山西省普及矿产资源和地球科学知识的专业科技类博物馆。
临汾市博物馆,"
综合博物馆
[3]?
",https://baike.baidu.com/pic/%E4%B8%B4%E6%B1%BE%E5%B8%82%E5%8D%9A%E7%89%A9%E9%A6%86/8054488/0/09fa513d269759ee828b337abcfb43166c22dfac?fr=lemma&ct=single, 临汾市博物馆（Linfen Museum）创建于1993年，原址在鼓楼西海子边40号铁佛寺，新馆位于临汾市滨河西路九州广场南端。
内蒙古博物院,"
内蒙古呼和浩特市新城区新华东街27号
",https://baike.baidu.com/pic/%E5%86%85%E8%92%99%E5%8F%A4%E5%8D%9A%E7%89%A9%E9%99%A2/4742698/0/730e0cf3d7ca7bcbccdd8708b9096b63f624a877?fr=lemma&ct=single, 内蒙古博物院位于内蒙古呼和浩特市新城区新华东街，原内蒙古博物馆作为1957年自治区成立10周年大庆的重点项目，是全区唯一的自治区级综合性博物馆，也是全国少数民族地区最早建立的博物馆之一，早在上世纪50年代就被列入世界建筑史。
鄂尔多斯博物馆,"
综合性博物馆
",0, 鄂尔多斯博物馆是一所综合性博物馆，位于鄂尔多斯市康巴什新区，于2006年开工建设，占地面积27760平方米，建筑面积41227平方米，为地下一层，地上四层，局部八层。
赤峰博物馆,"
周二--周日上午9:00-下午4：:15（中午不休息）
",https://baike.baidu.com/pic/%E8%B5%A4%E5%B3%B0%E5%8D%9A%E7%89%A9%E9%A6%86/7268303/0/d5462bfa473a56b69f514613?fr=lemma&ct=single, 赤峰博物馆位于内蒙古自治区赤峰市新城区富河街，自1958年开始筹建，旧馆1987年竣工；新馆2010年8月8日落成并正式开馆，新馆大楼主体工程建筑面积1.1万平方米，是一座集收藏、研究、展示为一体的多功能现代化博物馆。
辽宁省博物馆,"
综合类博物馆
",https://baike.baidu.com/pic/%E8%BE%BD%E5%AE%81%E7%9C%81%E5%8D%9A%E7%89%A9%E9%A6%86/1465619/0/6159252dd42a283473cd05f45db5c9ea14cebfe1?fr=lemma&ct=single, 辽宁博物馆位于中国辽宁省沈阳市浑南区智慧三街157号，为一座综合性博物馆。
“九・一八”历史博物馆,"
辽宁省沈阳市大东区望花南街46号
",https://baike.baidu.com/pic/%E2%80%9C%E4%B9%9D%C2%B7%E4%B8%80%E5%85%AB%E2%80%9D%E5%8E%86%E5%8F%B2%E5%8D%9A%E7%89%A9%E9%A6%86/3149475/0/377adab44aed2e738eeab6fd8101a18b86d6fadb?fr=lemma&ct=single, “九・一八”历史博物馆位于辽宁省沈阳市大东区望花南街46号，地处沈阳东北部，柳条湖立交桥西北，西靠长大铁路。
旅顺博物馆,"
艺术性博物馆
",https://baike.baidu.com/pic/%E6%97%85%E9%A1%BA%E5%8D%9A%E7%89%A9%E9%A6%86/1630157/0/6a63f6246b600c33084046e6174c510fd9f9a1e7?fr=lemma&ct=single, 旅顺博物馆坐落于辽宁省大连市旅顺口区列宁街42号，地处大连著名旅游景区――太阳沟历史风景区中心，1917年（民国六年） 4月，博物馆正式开馆。
沈阳故宫博物院,"
辽宁省沈阳市沈河区沈阳路171号
",https://baike.baidu.com/pic/%E6%B2%88%E9%98%B3%E6%95%85%E5%AE%AB%E5%8D%9A%E7%89%A9%E9%99%A2/1630137/0/4a36acaf2edda3cc4e81c81300e93901213f929f?fr=lemma&ct=single, 沈阳故宫博物院，位于辽宁省沈阳市沈河区沈阳路171号，原是清代初期营建和使用的皇家宫苑，始建于1625年（明天启五年，后金天命十年）。
大连自然博物馆,"
自然博物馆
",https://baike.baidu.com/pic/%E5%A4%A7%E8%BF%9E%E8%87%AA%E7%84%B6%E5%8D%9A%E7%89%A9%E9%A6%86/8023433/0/6a22e8247ada2e278644f96b?fr=lemma&ct=single, 大连自然博物馆位于辽宁省大连市沙河口区黑石礁西村街40号，是一座集地质、古生物、动物、植物标本收藏、研究、展示于一体的综合性自然科学博物馆，其前身始建于1907年。
吉林省自然博物馆,"
自然历史博物馆
",https://baike.baidu.com/pic/%E5%90%89%E6%9E%97%E7%9C%81%E8%87%AA%E7%84%B6%E5%8D%9A%E7%89%A9%E9%A6%86/7701684/0/b7003af33a87e950352a468cd5704443fbf2b3111eb0?fr=lemma&ct=single," 吉林省自然博物馆，1987年5月12日成立，前身为吉林省博物馆自然部，位于吉林省长春市净月大街2556号，占地面积54000平方米，2007年5月1日正式向社会开放，年均接待观众12万人次
[1]?
。"
吉林省博物院,"
历史与艺术博物馆
",https://baike.baidu.com/pic/%E5%90%89%E6%9E%97%E7%9C%81%E5%8D%9A%E7%89%A9%E9%99%A2/1865369/0/8ad4b31c8701a18b63670b5f9a2f07082838fe16?fr=lemma&ct=single, 吉林省博物院（Jilin Provincal Museum），原名吉林省博物馆，1951年建馆，1954年，随省政府迁至长春市。
伪满皇宫博物院,"
吉林省长春市宽城区光复北路5号
",https://baike.baidu.com/pic/%E4%BC%AA%E6%BB%A1%E7%9A%87%E5%AE%AB%E5%8D%9A%E7%89%A9%E9%99%A2/2151196/0/0e2442a7d933c895bdc5dcfddc1373f0830200f8?fr=lemma&ct=single," 伪满皇宫博物院，国家AAAAA级旅游景区，
[1]?
位于吉林省长春市宽城区光复北路5号，前身是民国时期管理吉林、黑龙江两省盐务的吉黑榷运局官署，总占地25.05万平方米，建筑面积13.7万平方米。"
东北烈士纪念馆,"
14000 m2
",https://baike.baidu.com/pic/%E4%B8%9C%E5%8C%97%E7%83%88%E5%A3%AB%E7%BA%AA%E5%BF%B5%E9%A6%86/2977069/0/0824ab18972bd40735fab6fd03c389510fb30f24a3d3?fr=lemma&ct=single, 东北烈士纪念馆，坐落在黑龙江省哈尔滨市南岗区一曼街241号，成立于民国三十七年（1948年）10月10日，是中国共产党建立的第一个永久性纪念馆，总占地面积6700平方米；建筑面积14000平方米；展览面积8060平方米。
铁人王进喜纪念馆,"
周二-周日8:30-16:00，16:00停止入场；节假日、每逢周一闭馆
[9]?
",https://baike.baidu.com/pic/%E9%93%81%E4%BA%BA%E7%8E%8B%E8%BF%9B%E5%96%9C%E7%BA%AA%E5%BF%B5%E9%A6%86/672800/0/03087bf40ad162d9e25e44bb13dfa9ec8b13cde0?fr=lemma&ct=single, 铁人王进喜纪念馆是为了纪念中国工人阶级的先锋战士――铁人王进喜而于1971年建成的。
爱辉历史陈列馆,"
专题性遗址博物馆
",0, 黑河市爱辉历史陈列馆，坐落在清代第一任黑龙江将军衙门驻地、1858年《中俄瑷珲条约》的签订地――瑷珲新城遗址，遗址现为全国重点文物保护单位。
黑龙江省博物馆,"
综合性博物馆
",https://baike.baidu.com/pic/%E9%BB%91%E9%BE%99%E6%B1%9F%E7%9C%81%E5%8D%9A%E7%89%A9%E9%A6%86/1629873/0/f3d3572c11dfa9ec06def4f364d0f703908fc166?fr=lemma&ct=single, 黑龙江省博物馆位于黑龙江省哈尔滨市南岗区，始建于1906年，主楼是一座欧洲巴洛克式建筑，为原俄罗斯商场旧址，为国家一级保护建筑。
大庆博物馆,"
每周二闭馆，其它时间正常开馆，每天开馆时间：9:00，闭馆时间：16:30，中午不休息，节假日正常开馆
",https://baike.baidu.com/pic/%E5%A4%A7%E5%BA%86%E5%8D%9A%E7%89%A9%E9%A6%86/9543179/0/0d338744ebf81a4c261211a7da2a6059252da6b8?fr=lemma&ct=single, 大庆博物馆，前身为大庆展览馆，于1964年组建，位于黑龙江省大庆市萨尔图区，是集古环境、古动物和古人类于一体的综合性博物馆，展馆建筑面积为18700平方米，展厅面积为12000平方米，馆藏化石10余万件，物种达43种。
黑龙江省民族博物馆,"
黑龙江哈尔滨市文庙街25号
",0, 黑龙江省民族博物馆是以哈尔滨文庙为馆舍，成立于1985年。
上海博物馆,"
综合性博物馆
",https://baike.baidu.com/pic/%E4%B8%8A%E6%B5%B7%E5%8D%9A%E7%89%A9%E9%A6%86/556555/0/21a4462309f790520dcfd0e30af3d7ca7acbd51f?fr=lemma&ct=single, 上海博物馆创建于1952年，原址南京西路325号旧跑马总会，1959年10月迁入河南南路16号中汇大楼，现址上海市中心人民广场的南侧黄浦区人民大道201号。
上海鲁迅纪念馆,"
1951年1月
",https://baike.baidu.com/pic/%E4%B8%8A%E6%B5%B7%E9%B2%81%E8%BF%85%E7%BA%AA%E5%BF%B5%E9%A6%86/3862098/0/b258f5c4deca3c9c8326ac62?fr=lemma&ct=single, 上海鲁迅纪念馆是新中国建立后第一个人物性纪念馆，也是新中国成立后第一个名人纪念馆，同时管理鲁迅墓文物保护单位。
上海科技馆,"
上海市浦东新区世纪大道2000号
",https://baike.baidu.com/pic/%E4%B8%8A%E6%B5%B7%E7%A7%91%E6%8A%80%E9%A6%86/363265/0/8d158aee9ffa2b6b2cf5340c?fr=lemma&ct=single, 上海科技馆是上海市人民政府为贯彻落实科教兴国战略，提高城市综合竞争力和市民科学文化素养而投资兴建的具有中国特色、时代特征、上海特点的综合性的自然科学技术博物馆，是对公众进行科普教育的公益性机构，是中国重要的科普教育基地和精神文明建设基地。
陈云纪念馆,"
为广场
",0, 陈云纪念馆是经中央批准建立的全国唯一系统展示陈云生平业绩的纪念馆。
上海中国航海博物馆,"
277次
",0, 上海中国航海博物馆，位于上海市，据2020年9月国家文物局信息显示，现有藏品19417件/套，开展教育活动277次，参观人数123.6万人次。
上海市龙华烈士纪念馆,  ,0, 上海市龙华烈士纪念馆位于上海市，据2020年9月国家文物局信息显示，现有藏品1595件/套、珍贵文物27件/套，举办展览5个，教育活动41次，参观人数30万人次。
南京博物院,"
南京市玄武区中山东路321号
",https://baike.baidu.com/pic/%E5%8D%97%E4%BA%AC%E5%8D%9A%E7%89%A9%E9%99%A2/915837/0/c2fdfc039245d6889ceb0662a1c27d1ed31b240e?fr=lemma&ct=single," 南京博物院位于南京市玄武区中山东路321号，是中国三大博物馆之一
[1]?
，简称南院或南博，其前身是民国二十二年（1933年）蔡元培等倡建的国立中央博物院，是中国创建最早的博物馆、中国第一座由国家投资兴建的大型综合类博物馆
[2]?
。"
侵华日军南京大屠杀遇难同胞纪念馆,"
南京市建邺区水西门大街418号
[40]?
",https://baike.baidu.com/pic/%E4%BE%B5%E5%8D%8E%E6%97%A5%E5%86%9B%E5%8D%97%E4%BA%AC%E5%A4%A7%E5%B1%A0%E6%9D%80%E9%81%87%E9%9A%BE%E5%90%8C%E8%83%9E%E7%BA%AA%E5%BF%B5%E9%A6%86/3508930/0/83025aafa40f4bfb5c95ee34054f78f0f736180c?fr=lemma&ct=single, 侵华日军南京大屠杀遇难同胞纪念馆位于南京市建邺区水西门大街418号，通称江东门纪念馆，选址于南京大屠杀江东门集体屠杀遗址及遇难者丛葬地，是中国首批国家一级博物馆，首批全国爱国主义教育示范基地，全国重点文物保护单位，首批国家级抗战纪念设施、遗址名录，也是国际公认的二战期间三大惨案纪念馆之一。
南通博物苑,  ,0, 
苏州博物馆,"
综合性历史博物馆
",https://baike.baidu.com/pic/%E8%8B%8F%E5%B7%9E%E5%8D%9A%E7%89%A9%E9%A6%86/1629584/0/63d0f703918fa0ecf1ec61d0209759ee3c6ddbc0?fr=lemma&ct=single, 苏州博物馆成立于1960年，馆址太平天国忠王府，是国内保存完整的太平天国历史建筑物。
扬州博物馆,"
江苏省扬州市文昌西路468号
",https://baike.baidu.com/pic/%E6%89%AC%E5%B7%9E%E5%8D%9A%E7%89%A9%E9%A6%86/1629471/0/c8177f3e6709c93dc259c4d0923df8dcd100546a?fr=lemma&ct=single," 扬州博物馆（Yangzhou Museum），位于江苏省扬州市邗江区文昌西路，由扬州中国雕版印刷博物馆、扬州博物馆新馆组成（简称“扬州双博馆”），是国家AAAA级旅游景区、全国爱国主义教育示范基地
[1]?
。"
常州博物馆,"
常州市龙城大道1288号
",https://baike.baidu.com/pic/%E5%B8%B8%E5%B7%9E%E5%8D%9A%E7%89%A9%E9%A6%86/1765322/0/8c1001e93901213f2d36934654e736d12f2e9527?fr=lemma&ct=single, 常州博物馆，创建于1958年10月，是集收藏、研究、陈列展览于一体的地方综合性博物馆（含全省唯一的一家少儿自然博物馆），国家二级博物馆。
南京市博物总馆,"
南京
",https://baike.baidu.com/pic/%E5%8D%97%E4%BA%AC%E5%B8%82%E5%8D%9A%E7%89%A9%E6%80%BB%E9%A6%86/19324216/0/18d8bc3eb13533fa5eac6a5cafd3fd1f41345bae?fr=lemma&ct=single, 南京市博物总馆是国家一级博物馆，中国国家一级博物馆中唯一一家实行总、分馆制的博物馆，总馆成立于2014年，是融汇南京古代史、近现代史、革命史、城市史、考古、文保、民俗与非遗等诸多门类的综合性历史艺术类博物馆。
雨花台烈士纪念馆,"
周二至周日开放时间08:30-16:00
",https://baike.baidu.com/pic/%E9%9B%A8%E8%8A%B1%E5%8F%B0%E7%83%88%E5%A3%AB%E7%BA%AA%E5%BF%B5%E9%A6%86/4544039/0/902397dda144ad345982bc0496eb1bf431adcbef2f55?fr=lemma&ct=single, 雨花台烈士纪念馆位于南京市雨花台区雨花台烈士陵园南端的任家山上，是一座既有传统民族风格且具现代气息的优美建筑。
无锡博物院,"
9:00－17:00（16:00后停止入场），周一闭馆（法定节假日除外）。
",https://baike.baidu.com/pic/%E6%97%A0%E9%94%A1%E5%8D%9A%E7%89%A9%E9%99%A2/5947063/0/d8f9d72a6059252d0fde5cb3369b033b5ab5b9b8?fr=lemma&ct=single, 无锡博物院，成立于2007年10月15日，由原无锡革命陈列馆、无锡博物馆和无锡科普馆“三馆合一”组建而成，位于无锡市太湖广场南侧，新馆于2008年10月1日正式对外开放，建筑面积71000平方米，建筑造型体现了“水光石色”的设计理念，是无锡的标志性建筑。
徐州博物馆,"
文化艺术博物馆
",https://baike.baidu.com/pic/%E5%BE%90%E5%B7%9E%E5%8D%9A%E7%89%A9%E9%A6%86/7564364/0/0b7b02087bf40ad1f91f7a44562c11dfa8ecce9a?fr=lemma&ct=single, 徐州博物馆是徐州市人民政府在清朝乾隆皇帝南巡时行宫旧址上建立起来的地方综合性博物馆。
常熟博物馆,"
6000余平方米
",https://baike.baidu.com/pic/%E5%B8%B8%E7%86%9F%E5%8D%9A%E7%89%A9%E9%A6%86/8648813/0/908fa0ec08fa513da26cff083a6d55fbb3fbd926?fr=lemma&ct=single, 常熟博物馆坐落于江苏省常熟市古城区虞山东麓先贤仲雍、言子墓旁。
浙江省博物馆,"
20400 m2
",https://baike.baidu.com/pic/%E6%B5%99%E6%B1%9F%E7%9C%81%E5%8D%9A%E7%89%A9%E9%A6%86/1629454/0/77094b36acaf2edd0fd5c317811001e93901932c?fr=lemma&ct=single, 浙江省博物馆位于杭州市西湖区，始建于1929年，原名“浙江省立西湖博物馆”，1976年更改为现名。
中国丝绸博物馆,"
5 公顷
",https://baike.baidu.com/pic/%E4%B8%AD%E5%9B%BD%E4%B8%9D%E7%BB%B8%E5%8D%9A%E7%89%A9%E9%A6%86/2032514/0/cc506c8b5af72c56c9fc7a08?fr=lemma&ct=single, 中国丝绸博物馆位于杭州西子湖畔，是全国性的丝绸专业博物馆，也是世界上最大的丝绸博物馆，为浙江省省属副厅级事业单位，占地五公顷，建筑面积8000平方米，陈列面积3000平方米，于1992年2月26日正式对外开放。
宁波博物馆,"
综合性博物馆
",https://baike.baidu.com/pic/%E5%AE%81%E6%B3%A2%E5%8D%9A%E7%89%A9%E9%A6%86/1360220/0/35e940df22ba1153495403e9?fr=lemma&ct=single, 宁波博物馆位于浙江省宁波市鄞州区首南中路1000号，展品囊括了从史前河姆渡文化至近代以来的珍贵i铜器、瓷器、竹刻、玉器、书画、金银器、民俗等文物6万余件。
杭州博物馆,"
24000 m2
",https://baike.baidu.com/pic/%E6%9D%AD%E5%B7%9E%E5%8D%9A%E7%89%A9%E9%A6%86/5133976/0/37d3d539b6003af32754d17a322ac65c1038b639?fr=lemma&ct=single," 杭州博物馆位于中国浙江省杭州市
[1]?
西湖风景名胜区吴山，临近吴山广场和河坊街历史文化街区，占地面积2.4万平方米，建筑面积1.3万平方米，展区面积7千平方米。"
温州博物馆,"
浙江省温州市市府路世纪广场
",https://baike.baidu.com/pic/%E6%B8%A9%E5%B7%9E%E5%8D%9A%E7%89%A9%E9%A6%86/5862190/0/9a504fc2d5628535e5dd05c31ca361c6a7efcf1bc5b6?fr=lemma&ct=single, 温州博物馆位于浙江省温州市市府路世纪广场，是一所综合性地方博物馆。
杭州西湖博物馆,"
22480 m2
",https://baike.baidu.com/pic/%E6%9D%AD%E5%B7%9E%E8%A5%BF%E6%B9%96%E5%8D%9A%E7%89%A9%E9%A6%86/10476110/0/9e7ce6dc3fd57a9acc116636?fr=lemma&ct=single, 杭州西湖博物馆是中国第一座湖泊类专题博物馆，坐落于秀丽的西子湖畔，占地面积22480平方米，整个建筑大部分延伸于地下，不着痕迹地融入了周围的湖光山色中。
中国茶叶博物馆,"
茶文化博物馆
",https://baike.baidu.com/pic/%E4%B8%AD%E5%9B%BD%E8%8C%B6%E5%8F%B6%E5%8D%9A%E7%89%A9%E9%A6%86/2036659/0/b110e619358c7240dbb4bd74?fr=lemma&ct=single, 中国茶叶博物馆是茶文化专题博物馆，位于浙江省杭州市西湖西南面龙井路旁双峰村。
杭州工艺美术博物馆,"
艺术类
",0, 杭州工艺美术博物馆是由杭州市人民政府出资建设的工美主题的博物馆，位于浙江省杭州市拱宸桥桥西历史文化街区，北起刀剪剑、伞博物馆南面，南近登云路，西起小河路，东与京杭大运河相望。
宁波市天一阁博物馆,"
专题性博物馆
",https://baike.baidu.com/pic/%E5%AE%81%E6%B3%A2%E5%B8%82%E5%A4%A9%E4%B8%80%E9%98%81%E5%8D%9A%E7%89%A9%E9%A6%86/24519846/0/203fb80e7bec54e736d139f9e8718c504fc2d4623c89?fr=lemma&ct=single, 宁波市天一阁博物馆，国家二级博物馆，位于浙江省宁波市海曙区天一街10号。
中国港口博物馆,"
浙江省宁波市北仑区春晓港博路6号
[2]?
",https://baike.baidu.com/pic/%E4%B8%AD%E5%9B%BD%E6%B8%AF%E5%8F%A3%E5%8D%9A%E7%89%A9%E9%A6%86/9313180/0/8d5494eef01f3a29d71e72ed9325bc315c607c3b?fr=lemma&ct=single, 中国港口博物馆（China Port Museum），简称“港博”，全称宁波中国港口博物馆，位于浙江省宁波市北仑区春晓街道港博路6号。
南湖革命纪念馆,"
8：30―16：30
",https://baike.baidu.com/pic/%E5%8D%97%E6%B9%96%E9%9D%A9%E5%91%BD%E7%BA%AA%E5%BF%B5%E9%A6%86/4544827/0/d4239b35977ce62a91ef3979?fr=lemma&ct=single, 南湖革命纪念馆是嘉兴南湖中共一大会址的宣传、保护、管理机构，属于近现代纪念性专题纪念馆，隶属嘉兴市南湖风景名胜区管理委员会。
舟山博物馆,"
综合类
",https://baike.baidu.com/pic/%E8%88%9F%E5%B1%B1%E5%8D%9A%E7%89%A9%E9%A6%86/400705/0/eaf81a4c510fd9f9a04ba9a62b2dd42a2934a4a5?fr=lemma&ct=single, 舟山博物馆位于浙江省舟山市，是一座集收藏、保护、研究、展示和教育于一体的综合性博物馆。
安徽博物院,"
综合类博物馆
",https://baike.baidu.com/pic/%E5%AE%89%E5%BE%BD%E5%8D%9A%E7%89%A9%E9%99%A2/10888151/0/bf487563b21e85100c33fa88?fr=lemma&ct=single, 安徽博物院位于安徽省合肥市怀宁路268号，是安徽省唯一一家集自然、历史、社教为一体的省级综合类博物馆，占地面积约6.2万平方米，展厅面积1.6万平方米，地上6层，地下局部1层，建筑高度37.7米，展厅15个，馆藏文物21.8万余件。
安徽中国徽州文化博物馆,"
157 亩
",https://baike.baidu.com/pic/%E5%AE%89%E5%BE%BD%E4%B8%AD%E5%9B%BD%E5%BE%BD%E5%B7%9E%E6%96%87%E5%8C%96%E5%8D%9A%E7%89%A9%E9%A6%86/8787681/0/6159252dd42a28346ae4e4e755b5c9ea14cebf98?fr=lemma&ct=single, 安徽中国徽州文化博物馆位于安徽省黄山市屯溪区机场迎宾大道50号，沿革于黄山市博物馆，新馆于2008年1月8日正式开馆，同年全面免费开放。
安徽省地质博物馆,"
历史博物馆
",https://baike.baidu.com/pic/%E5%AE%89%E5%BE%BD%E7%9C%81%E5%9C%B0%E8%B4%A8%E5%8D%9A%E7%89%A9%E9%A6%86/8023610/0/4d086e061d950a7b14a37c1f0ed162d9f3d3c952?fr=lemma&ct=single, 安徽省地质博物馆坐落于安徽省省会合肥市天鹅湖畔安徽省文化博物园。
淮北市博物馆,"
安徽省淮北市相山区博物馆路1号
",https://baike.baidu.com/pic/%E6%B7%AE%E5%8C%97%E5%B8%82%E5%8D%9A%E7%89%A9%E9%A6%86/10018744/0/8b13632762d0f703a46b4a3406fa513d2797c579?fr=lemma&ct=single, 淮北市博物馆，又称隋唐大运河博物馆，位于安徽省淮北市相山区博物馆路1号。
宿州市博物馆,"
安徽省宿州市桥区通济一路8号
",https://baike.baidu.com/pic/%E5%AE%BF%E5%B7%9E%E5%B8%82%E5%8D%9A%E7%89%A9%E9%A6%86/19939341/0/c9bdddce606fef5f93457e4b?fr=lemma&ct=single, 宿州市博物馆，位于安徽省宿州市桥区通济一路8号，在宿州市政务中心对面。
蚌埠市博物馆,"
地方综合性博物馆
",https://baike.baidu.com/pic/%E8%9A%8C%E5%9F%A0%E5%B8%82%E5%8D%9A%E7%89%A9%E9%A6%86/10018782/0/faacb5648ba020cff636540b?fr=lemma&ct=single, 蚌埠市博物馆坐落于龙子湖西侧市民广场，市政府以南，是一座以展示蚌埠古代历史、近现代城市发展史以及淮河历史文化为主题的综合性博物馆。
福建博物院,"
福建省福州市鼓楼区湖头街96号
",https://baike.baidu.com/pic/%E7%A6%8F%E5%BB%BA%E5%8D%9A%E7%89%A9%E9%99%A2/2966215/0/5243fbf2b2119313dad93e9f62380cd791238d03?fr=lemma&ct=single, 福建博物院坐落于福州市西湖公园，始建于1933年，原名福建省立科学馆。
古田会议纪念馆,"
福建省龙岩市上杭县古田镇古田路85号
",https://baike.baidu.com/pic/%E5%8F%A4%E7%94%B0%E4%BC%9A%E8%AE%AE%E7%BA%AA%E5%BF%B5%E9%A6%86/3344937/0/808a27db70d15250d0164ec7?fr=lemma&ct=single, 古田会议纪念馆( Site of the Gutian Conference ) ，位于福建省龙岩市上杭县古田镇古田路85号，始建于1971年7月，于1974年10月正式对外开放，是以古田会议会址为依托建立的集文物收藏、资料研究和宣传教育为一体的专题类革命纪念馆。
泉州海外交通史博物馆,"
专题博物馆
",https://baike.baidu.com/pic/%E6%B3%89%E5%B7%9E%E6%B5%B7%E5%A4%96%E4%BA%A4%E9%80%9A%E5%8F%B2%E5%8D%9A%E7%89%A9%E9%A6%86/8023758/0/5243fbf2b2119313861fe22862380cd790238dcd?fr=lemma&ct=single, 泉州海外交通史博物馆位于福建省泉州市丰泽区开元寺东侧。
中国闽台缘博物馆,"
专题博物馆
",https://baike.baidu.com/pic/%E4%B8%AD%E5%9B%BD%E9%97%BD%E5%8F%B0%E7%BC%98%E5%8D%9A%E7%89%A9%E9%A6%86/6846234/0/b3119313b07eca806d4e54b0962397dda1448319?fr=lemma&ct=single, 中国闽台缘博物馆座落于中国福建省泉州市区西北侧，占地154.2亩，主体建筑面积23332平方米。
中央苏区（闽西）历史博物馆,"
福建省龙岩市新罗区北环西路51号
",0, 中央苏区（闽西）历史博物馆位于龙岩市新罗区北环西路51号，是一座全面反映闽西革命史、重点凸显中央苏区（闽西）历史的综合性革命博物馆。
井冈山革命博物馆,"
革命史博物馆
",https://baike.baidu.com/pic/%E4%BA%95%E5%86%88%E5%B1%B1%E9%9D%A9%E5%91%BD%E5%8D%9A%E7%89%A9%E9%A6%86/2504705/0/aec379310a55b319d813764044a98226cffc1718?fr=lemma&ct=single, 井冈山革命博物馆，位于江西省井冈山市茨坪红军南路，是1958年11月由国家文物局投资兴建，1959年10月在中华人民共和国建国十周年之际竣工开放的全国十大献礼工程之一。
江西省博物馆,"
约 40000 m2
",https://baike.baidu.com/pic/%E6%B1%9F%E8%A5%BF%E7%9C%81%E5%8D%9A%E7%89%A9%E9%A6%86/1629077/0/7d98931096f8f63b213f2ee9?fr=lemma&ct=single, 江西省博物馆坐落在南昌市赣江、抚河环抱的新洲上，东临抚河，南接中山桥，西面赣江，北依江南三大名楼之一的滕王阁；占地面积约4万平方米，建筑面积3.5万平方米，展厅面积1.3万平方米（2013年）。
瑞金中央革命根据地纪念馆,"
8084 m2
",https://baike.baidu.com/pic/%E7%91%9E%E9%87%91%E4%B8%AD%E5%A4%AE%E9%9D%A9%E5%91%BD%E6%A0%B9%E6%8D%AE%E5%9C%B0%E7%BA%AA%E5%BF%B5%E9%A6%86/574619/0/faf2b2119313b07e66a6dc8d0dd7912397dd8c18?fr=lemma&ct=single, 瑞金中央革命根据地纪念馆原名瑞金革命纪念馆，位于江西省瑞金市象湖镇。
南昌八一起义纪念馆,"
国家一级博物馆
",https://baike.baidu.com/pic/%E5%8D%97%E6%98%8C%E5%85%AB%E4%B8%80%E8%B5%B7%E4%B9%89%E7%BA%AA%E5%BF%B5%E9%A6%86/2121335/0/a8014c086e061d95148ef6f175f40ad163d9ca2b?fr=lemma&ct=single, 南昌八一起义纪念馆是为纪念南昌起义而设立的专题纪念馆，成立于1956年，1959年10月1日正式对外开放。
安源路矿工人运动纪念馆,"
文物博物馆
",https://baike.baidu.com/pic/%E5%AE%89%E6%BA%90%E8%B7%AF%E7%9F%BF%E5%B7%A5%E4%BA%BA%E8%BF%90%E5%8A%A8%E7%BA%AA%E5%BF%B5%E9%A6%86/1410112/0/d57e9994d1ea3a22d21b70c1?fr=lemma&ct=single, 安源路矿工人运动纪念馆是纪念性革命博物馆。
八大山人纪念馆,"
南昌市青云谱区青云谱路259号
[18]?
",https://baike.baidu.com/pic/%E5%85%AB%E5%A4%A7%E5%B1%B1%E4%BA%BA%E7%BA%AA%E5%BF%B5%E9%A6%86/647149/0/6c224f4a20a446230b2aba359722720e0df3d780?fr=lemma&ct=single, 八大山人纪念馆位于江西南昌青云谱区青云谱路259号，前身为清代书画大师八大山人的故居。
九江市博物馆,"
江西省九江市八里湖新区文博园内（胜利碑下）
",https://baike.baidu.com/pic/%E4%B9%9D%E6%B1%9F%E5%B8%82%E5%8D%9A%E7%89%A9%E9%A6%86/4795567/0/dbb44aed2e738bd4598f9ee0af8b87d6267ff9b1?fr=lemma&ct=single, 九江市博物馆位于江西省九江市八里湖新区文博园内（胜利碑下）。
江西省庐山博物馆,"
2019年3月25日，入选江西省文办“第十五届江西省文明单位”拟表彰名单
",0, 江西省庐山博物馆是江西省庐山市的一个组织机构。
赣州市博物馆,"
赣州市章江新区
",0, 赣州市博物馆建筑面积20290平方米，2009年9月27日正式开馆，赣州市博物馆设有两层，每层建筑面积为1000平方米，在这个有限的空间里，以文物、实物、史料展示等方式，从远古时期到民国，从赣南人民革命战争到新中国成立，浓缩了赣州五千多年的历史。
景德镇陶瓷馆,"
5.9万多平方米
",https://baike.baidu.com/pic/%E6%99%AF%E5%BE%B7%E9%95%87%E9%99%B6%E7%93%B7%E9%A6%86/8981379/0/ca1349540923dd54cede6eb9df09b3de9d8248b6?fr=lemma&ct=single, 景德镇陶瓷馆，又称景德镇中国陶瓷博物馆，位于江西省景德镇市昌江区紫晶北路1号。
萍乡博物馆,"
萍乡市
",https://baike.baidu.com/pic/%E8%90%8D%E4%B9%A1%E5%8D%9A%E7%89%A9%E9%A6%86/1663230/0/9922720e0cf3d7cabc797dacf11fbe096a63a959?fr=lemma&ct=single, 萍乡博物馆坐落在萍乡市滨河东路376号，上邻秋收起义广场与彩虹桥，面对金螺峰和虎形山，西靠萍水河，下接鹅湖公园，新馆主体建筑6层，高达28米，占地约2.6万平方米，建筑面积约16900平方米。
青岛市博物馆,"
2001年6月24日
",https://baike.baidu.com/pic/%E9%9D%92%E5%B2%9B%E5%B8%82%E5%8D%9A%E7%89%A9%E9%A6%86/1629042/0/b94f65ec416360ed2e2e2165?fr=lemma&ct=single, 青岛市博物馆是国家一级博物馆和全国古籍重点保护单位，馆藏文物包括书法、绘画、陶瓷器、铜器、玉器、钱币、玺印、甲骨、竹木牙角器等三十余个门类十多万件，其中书法、陶瓷器、玉器、钱币为馆藏特色。
中国甲午战争博物馆,"
山东省威海市环翠区刘公岛丁公路
",https://baike.baidu.com/pic/%E4%B8%AD%E5%9B%BD%E7%94%B2%E5%8D%88%E6%88%98%E4%BA%89%E5%8D%9A%E7%89%A9%E9%A6%86/3575085/0/7dd98d1001e93901a15344a47bec54e737d196d3?fr=lemma&ct=single, 中国甲午战争博物馆位于山东省威海市环翠区丁公路，建于1985年3月21日，馆名由前国家主席江泽民同志题写。
青州博物馆,"
40 亩
",https://baike.baidu.com/pic/%E9%9D%92%E5%B7%9E%E5%8D%9A%E7%89%A9%E9%A6%86/1006871/0/dc54564e9258d10922559720d858ccbf6d814de9?fr=lemma&ct=single, 青州博物馆位于山东省青州市范公亭公园（范公亭路）西端，是一座综合性地志博物馆、国家一级博物馆。
山东博物馆,"
综合性
",https://baike.baidu.com/pic/%E5%B1%B1%E4%B8%9C%E5%8D%9A%E7%89%A9%E9%A6%86/9588493/0/6a211233a75cfe9a1a4cffdf?fr=lemma&ct=single, 山东博物馆位于山东省济南历下区经十东路11899号（燕山立交桥东2公里），成立于1954年，是新中国成立后建立的第一座省级综合性地志博物馆，现代化程度高的大型综合性博物馆。
烟台市博物馆,"
地方历史
",https://baike.baidu.com/pic/%E7%83%9F%E5%8F%B0%E5%B8%82%E5%8D%9A%E7%89%A9%E9%A6%86/7522330/0/a1ad16fa82176fb759ee90e8?fr=lemma&ct=single, 烟台市博物馆成立于1958年，现有馆址两处，原址位于全国重点文物保护单位福建会馆(烟台市民俗博物馆)，新址位于南大街61号博物馆新馆。
潍坊市博物馆,"
综合博物馆
",https://baike.baidu.com/pic/%E6%BD%8D%E5%9D%8A%E5%B8%82%E5%8D%9A%E7%89%A9%E9%A6%86/124585/0/d019d2bf34a2bd1919d81f13?fr=lemma&ct=single," 潍坊市博物馆（Weifang Museum），位于山东省潍坊市奎文区东风东街6616号，始建于1962年，新馆于1999年12月20日落成开馆，是一座古建筑风格的地方大型综合性博物馆
[1]?
。"
曲阜市孔子博物院,"
综合类博物馆
",https://baike.baidu.com/pic/%E6%9B%B2%E9%98%9C%E5%B8%82%E5%AD%94%E5%AD%90%E5%8D%9A%E7%89%A9%E9%99%A2/24148377/0/574e9258d109b3de66f74c13c3bf6c81800a4c05?fr=lemma&ct=single," 曲阜市孔子博物院（Confucius Museum In Qufu），位于山东省曲阜市孔子大道100号，是为了纪念孔子、集中展示孔子思想学说、传播弘扬以儒家文化为代表的传统文化而建设的博物馆，于2019年9月6日正式开放
[1-2]?
。"
济南市博物馆,"
综合性博物馆
",https://baike.baidu.com/pic/%E6%B5%8E%E5%8D%97%E5%B8%82%E5%8D%9A%E7%89%A9%E9%A6%86/118264/0/aa64034f78f0f736afc3143d7b1ca419ebc4b745b5fc?fr=lemma&ct=single, 济南市博物馆是一所山东省大型地方综合性博物馆，是国家二级博物馆，位于山东省济南市历下区经十一路30号。
济南市章丘区博物馆,"
国家一级博物馆
",0, 济南市章丘区博物馆，位于山东省，据2020年9月国家文物局信息显示，现有藏品16042件/套、珍贵文物380件/套，举办展览380个，开展教育活动120次，参观人数21.6万人次。
山东大学博物馆,  ,0, 山东大学博物馆是以考古学系的文物标本室为基础，于1995年正式建立，老馆址位于山东大学东校区经管楼，由校史馆、教学科研成果馆、书画展和文物馆四部分组成。
青岛啤酒博物馆,"
08:30~16:30
",0, 青岛啤酒博物馆是青岛啤酒股份有限公司投资2800万元建成的国内唯一的啤酒博物馆，其展出面积达6000余平方米。
青岛山炮台遗址展览馆,  ,0, 青岛山炮台遗址展览馆位于山东省，据2020年9月国家文物局信息显示，现有藏品1800件/套。
淄博市陶瓷博物馆,"
综合性现代化陶瓷博物馆
",0, 淄博市陶瓷博物馆，是一个集陈列、展览、收藏、研究、销售和社会教育于一体的综合性现代化陶瓷博物馆。
齐文化博物馆,"
综合类博物馆
",https://baike.baidu.com/pic/%E9%BD%90%E6%96%87%E5%8C%96%E5%8D%9A%E7%89%A9%E9%A6%86/20621288/0/d439b6003af33a87d14e2367c95c10385343b5af?fr=lemma&ct=single," 齐文化博物馆（Qi Heritage Museum），位于山东省淄博市临淄区临淄大道308号，是一座集文物收藏、展陈、保护、研究、教育、休闲功能于一体的综合性博物馆，由原齐国故城遗址博物馆（齐国历史博物馆）迁建，于2016年9月12日开馆
[1-2]?
。"
山东省滕州市博物馆,"
综合性博物馆
",0," 山东省滕州市博物馆（Tengzhou City Museum In Shandong），位于山东省滕州市学院中路82号
[1]?
。"
滕州汉画像石馆,"
汉画像石艺术陈列馆
",https://baike.baidu.com/pic/%E6%BB%95%E5%B7%9E%E6%B1%89%E7%94%BB%E5%83%8F%E7%9F%B3%E9%A6%86/9181657/0/7aad4ae7f257870ab9382088?fr=lemma&ct=single, 滕州汉画像石馆位于滕州荆河桥畔，龙泉塔下。
济宁市博物馆,"
济宁市古槐路38号 （老馆）
济宁市太白湖新区运河路140号（新馆）
",https://baike.baidu.com/pic/%E6%B5%8E%E5%AE%81%E5%B8%82%E5%8D%9A%E7%89%A9%E9%A6%86/3430367/0/b7003af33a87e950352ab5ecc2724443fbf2b2111e52?fr=lemma&ct=single, 济宁市博物馆始建于1985年5月，是一处集文物收藏、研究、展览的综合性场所。
临沂市博物馆,"
综合性博物馆
",https://baike.baidu.com/pic/%E4%B8%B4%E6%B2%82%E5%B8%82%E5%8D%9A%E7%89%A9%E9%A6%86/8130166/0/574e9258d109b3de187bc560c2bf6c81810a4cf5?fr=lemma&ct=single," 临沂市博物馆（Linyi Museum）位于山东省临沂市北城新区兰陵路10号
[19]?
。"
河南博物院,"
郑州市金水区农业路8号
",https://baike.baidu.com/pic/%E6%B2%B3%E5%8D%97%E5%8D%9A%E7%89%A9%E9%99%A2/529742/0/4a36acaf2edda3cc21cf98aa07e93901213f9214?fr=lemma&ct=single, 河南博物院位于河南省郑州市农业路，为国家级重点博物馆，是中国建立较早的博物馆之一，也是首批中央地方共建国家级博物馆之一。
郑州博物馆,  ,0, 
洛阳博物馆,"
河南省洛阳市洛龙区聂泰路
[37]?
",https://baike.baidu.com/pic/%E6%B4%9B%E9%98%B3%E5%8D%9A%E7%89%A9%E9%A6%86/1628817/0/8cf0d513afb7ac19dc54013b?fr=lemma&ct=single, 洛阳博物馆创建于1958年，位于河南省洛阳市洛龙区隋唐里坊区西北隅，北临洛浦公园，南接洛阳植物园，环境优美，交通便利，是洛阳市的文化地标。
南阳市汉画馆,"
专题博物馆
",https://baike.baidu.com/pic/%E5%8D%97%E9%98%B3%E5%B8%82%E6%B1%89%E7%94%BB%E9%A6%86/13880978/0/b21c8701a18b87d6277fd662b3403f381f30e924573f?fr=lemma&ct=single," 南阳市汉画馆（Nanyang Stonecarved art Museum in Han Dynasty）坐落于河南省南阳市卧龙岗南端的龙首处，是国家AAA级旅游景区
[1]?
，中国建馆最早、藏品最多、规模最大的一座汉画像石刻艺术博物馆。"
开封市博物馆,"
54268 m2
",https://baike.baidu.com/pic/%E5%BC%80%E5%B0%81%E5%B8%82%E5%8D%9A%E7%89%A9%E9%A6%86/1628889/0/77c6a7efce1b9d168b42a64cfcdeb48f8c546411?fr=lemma&ct=single, 开封市博物馆位于河南省开封市新区，是一座集陈列展览、文物收藏、文物保护、科学研究、宣传教育为一体的地方综合性博物馆。
鄂豫皖苏区首府革命博物馆,"
革命博物馆
",https://baike.baidu.com/pic/%E9%84%82%E8%B1%AB%E7%9A%96%E8%8B%8F%E5%8C%BA%E9%A6%96%E5%BA%9C%E9%9D%A9%E5%91%BD%E5%8D%9A%E7%89%A9%E9%A6%86/4654770/0/b21c8701a18b87d6277f851de6403f381f30e92457d2?fr=lemma&ct=single, 鄂豫皖苏区首府革命博物馆，位于河南省信阳市新县首府路文博新村004号，占地面积约192000平方米，1984年开始建设，2008年3月免费开放，每年接待游客达60余万人次。
中国文字博物馆,"
256 亩
",https://baike.baidu.com/pic/%E4%B8%AD%E5%9B%BD%E6%96%87%E5%AD%97%E5%8D%9A%E7%89%A9%E9%A6%86/11056750/0/dcc451da81cb39dbb4928242d8160924ab183057?fr=lemma&ct=single, 中国文字博物馆，位于河南省安阳市人民大道东段656号。
平顶山博物馆,"
河南省平顶山市长安大道与怀仁路交叉口的平安广场西侧
",https://baike.baidu.com/pic/%E5%B9%B3%E9%A1%B6%E5%B1%B1%E5%8D%9A%E7%89%A9%E9%A6%86/2069582/0/0d338744ebf81a4c510f50077d637759252dd52a08e1?fr=lemma&ct=single, 平顶山博物馆（Pingdingshan Museum），位于河南省平顶山市长安大道与怀仁路交叉口的平安广场西侧，是平顶山市第一座综合性博物馆。
安阳博物馆,"
5170件/套
",0, 安阳博物馆，位于河南省，据2020年9月国家文物局信息显示，现有藏品12899件/套、珍贵文物5170件/套，举办展览22个，开展教育活动37次，参观人数30万人次。
湖北省博物馆,"
国家一级博物馆
",https://baike.baidu.com/pic/%E6%B9%96%E5%8C%97%E7%9C%81%E5%8D%9A%E7%89%A9%E9%A6%86/938188/0/1cd4147b4cacc4ea0bd18760?fr=lemma&ct=single, 湖北省博物馆筹建于1953年，坐落于湖北省武汉市武昌区东湖风景区，占地面积81909平方米，建筑面积49611平方米，展厅面积13427平方米，有中国规模最大的古乐器陈列馆。
荆州博物馆,"
48000 m2
",https://baike.baidu.com/pic/%E8%8D%86%E5%B7%9E%E5%8D%9A%E7%89%A9%E9%A6%86/5430999/0/c8177f3e6709c93d00407e22963df8dcd00054b0?fr=lemma&ct=single, 荆州博物馆位于湖北省荆州市荆州区荆中路166号，是一座地方综合性博物馆，为国家AAAA级旅游景区，占地4.8万平方米。
武汉博物馆,"
国家一级博物馆
",https://baike.baidu.com/pic/%E6%AD%A6%E6%B1%89%E5%8D%9A%E7%89%A9%E9%A6%86/4134277/0/c75c10385343fbf254dce0ffba7eca8064388f7e?fr=lemma&ct=single, 武汉博物馆位于湖北省武汉市江汉区青年路373号，西距汉口火车站300米。
辛亥革命武昌起义纪念馆,"
纪念性博物馆
",https://baike.baidu.com/pic/%E8%BE%9B%E4%BA%A5%E9%9D%A9%E5%91%BD%E6%AD%A6%E6%98%8C%E8%B5%B7%E4%B9%89%E7%BA%AA%E5%BF%B5%E9%A6%86/1797961/0/241f95cad1c8a786c917acc8a941de3d70cf3ac7fa96?fr=lemma&ct=single, 辛亥革命武昌起义纪念馆，是依托中华民国军政府鄂军都督府旧址而建立的纪念性博物馆，位于湖北省武汉市武昌区武珞路1号，占地面积20000多平方米，建筑面积近10000平方米，2008年10月17日，正式开始向观众免费开放。
武汉市中山舰博物馆,"
纪念性博物馆
",https://baike.baidu.com/pic/%E6%AD%A6%E6%B1%89%E5%B8%82%E4%B8%AD%E5%B1%B1%E8%88%B0%E5%8D%9A%E7%89%A9%E9%A6%86/49861362/0/aa18972bd40735fae6cd7959591918b30f2443a7a2b1?fr=lemma&ct=single, 武汉市中山舰博物馆，位于湖北省武汉市江夏区金口街特1号，是一座专题性纪念性博物馆，以“中山舰”的名字命名，展示了抗日英烈为国捐躯，铁血悲歌的革命精神，建筑面积11000平方米，1999年12月成立，2011年9月26日正式对外开放，2016年和2017年，均接待逾60万参观者。
武汉革命博物馆,"
湖北省武汉市武昌区红巷13号
",https://baike.baidu.com/pic/%E6%AD%A6%E6%B1%89%E9%9D%A9%E5%91%BD%E5%8D%9A%E7%89%A9%E9%A6%86/6428954/0/9345d688d43f8794a4c263534b5219f41bd5ad6e8c3f?fr=lemma&ct=single, 武汉革命博物馆，位于湖北省武汉市武昌区红巷13号，场馆总占地面积32111.59平方米，建筑面积为19296.79平方米， 1997年成立，2019年接待观众170万人次以上。
长江文明馆,"
星期二至星期日9:00-17:00
",0, 长江文明馆是第十届中国（武汉）国际园林博览会的主题展馆和亮点工程之一，位于园博园中部，张公堤南侧， 展馆建筑面积约为31000平方米。
宜昌博物馆,"
33000 m2
",https://baike.baidu.com/pic/%E5%AE%9C%E6%98%8C%E5%8D%9A%E7%89%A9%E9%A6%86/9781413/0/bd315c6034a85edf8db1208cd01e1e23dd54564edf43?fr=lemma&ct=single," 宜昌博物馆位于宜昌市伍家岗新区求索路，占地面积33000O，主体建筑面积43080O，地上建筑面积33280O，地下建筑面积9800O, 其中展陈面积14240O。"
随州市博物馆,"
综合类
",https://baike.baidu.com/pic/%E9%9A%8F%E5%B7%9E%E5%B8%82%E5%8D%9A%E7%89%A9%E9%A6%86/14123259/0/5d6034a85edf8db1fc562c920b23dd54574e74cf?fr=lemma&ct=single, 随州市新博物馆位于湖北省随州市擂鼓墩大道中段西侧，是一座集文物收藏、科学研究、文物展览及编钟演奏于一体的地方综合性博物馆。
湖南省博物馆,"
综合性历史艺术类博物馆
",https://baike.baidu.com/pic/%E6%B9%96%E5%8D%97%E7%9C%81%E5%8D%9A%E7%89%A9%E9%A6%86/1628643/0/4b90f603738da97739128f0f0219ef198618367a45f4?fr=lemma&ct=single, 湖南省博物馆（Hunan Museum），位于湖南省长沙市开福区东风路50号，是中国首批国家一级博物馆、中央地方共建的八个国家级重点博物馆之一、湖南省最大的综合性历史艺术类博物馆。
韶山毛泽东故居纪念馆,"
472.92平方米
",https://baike.baidu.com/pic/%E9%9F%B6%E5%B1%B1%E6%AF%9B%E6%B3%BD%E4%B8%9C%E6%95%85%E5%B1%85%E7%BA%AA%E5%BF%B5%E9%A6%86/14125569/0/9c16fdfaaf51f3de9ed8e99296eef01f3b2979d9?fr=lemma&ct=single, 韶山毛泽东故居纪念馆，坐落在全国重要的革命纪念地――湖南省韶山市韶山冲。
刘少奇故居纪念馆,"
全国AAAA级旅游景区
",https://baike.baidu.com/pic/%E5%88%98%E5%B0%91%E5%A5%87%E6%95%85%E5%B1%85%E7%BA%AA%E5%BF%B5%E9%A6%86/12769149/0/42a98226cffc1e170258ce4c4890f603728de9ec?fr=lemma&ct=single, 刘少奇故居纪念馆是全国重点文物保护单位，故居纪念馆是全国首批爱国主义教育示范基地，全国首批AAAA级旅游景区。
长沙简牍博物馆,"
国家一级博物馆
",https://baike.baidu.com/pic/%E9%95%BF%E6%B2%99%E7%AE%80%E7%89%8D%E5%8D%9A%E7%89%A9%E9%A6%86/5388818/0/6f061d950a7b02087e4f1fe56ad9f2d3572cc82b?fr=lemma&ct=single, 长沙简牍博物馆位于长沙市天心区白沙路92号，成立于2002年，是国内首座集简牍收藏、保护、整理、研究和陈列展示于一体的现代化专题博物馆。
长沙市博物馆,"
综合性地志博物馆
",https://baike.baidu.com/pic/%E9%95%BF%E6%B2%99%E5%B8%82%E5%8D%9A%E7%89%A9%E9%A6%86/8711557/0/7dd98d1001e93901213f7d87e5a443e736d12f2e387b?fr=lemma&ct=single, 长沙市博物馆（Changsha Museum）位于湖南省长沙市开福区长沙滨江文化园景区（新河三角洲）内。
胡耀邦故居,"
湖南省长沙市浏阳市文苍公路
[6]?
",https://baike.baidu.com/pic/%E8%83%A1%E8%80%80%E9%82%A6%E6%95%85%E5%B1%85/1914054/0/a686c9177f3e6709e335fe083ec79f3df8dc550b?fr=lemma&ct=single, 胡耀邦故居位于湖南省浏阳市中和镇苍坊村敏溪河畔，始建于清朝咸丰年间，房屋坐北朝南，土木结构，小青瓦顶，为典型的清末浏阳农村居民建筑。
广东省博物馆,"
广东省广州市天河区珠江新城珠江东路2号
",https://baike.baidu.com/pic/%E5%B9%BF%E4%B8%9C%E7%9C%81%E5%8D%9A%E7%89%A9%E9%A6%86/1628626/0/d62a6059252dd42aff5340a8043b5bb5c9eab85f?fr=lemma&ct=single, 广东省博物馆位于中国广州市天河区珠江东路2号，广州新城市中轴线珠江新城中心区南部，1957年开始筹建，1959年正式开放。
西汉南越王博物馆,"
王墓博物馆
",https://baike.baidu.com/pic/%E8%A5%BF%E6%B1%89%E5%8D%97%E8%B6%8A%E7%8E%8B%E5%8D%9A%E7%89%A9%E9%A6%86/1786642/0/4bed2e738bd4b31c7c7facb48dd6277f9e2ff87a?fr=lemma&ct=single, 西汉南越王博物馆是1983年发现的南越国第二代国王赵u之墓，是岭南地区所发现的规模最大的唯一汉代彩绘石室墓。
孙中山故居纪念馆,"
2000 m2
",https://baike.baidu.com/pic/%E5%AD%99%E4%B8%AD%E5%B1%B1%E6%95%85%E5%B1%85%E7%BA%AA%E5%BF%B5%E9%A6%86/2033485/0/6159252dd42a283483988ce056b5c9ea15cebf1b?fr=lemma&ct=single, 孙中山故居纪念馆（The Museum of Dr.Sun Yat-sen）位于广东省中山市翠亨村，成立于1956年，占地面积20万平方米，是孙中山故里旅游区的重要组成部分。
深圳博物馆,"
广东省深圳市福田区福中路市民中心A区
",https://baike.baidu.com/pic/%E6%B7%B1%E5%9C%B3%E5%8D%9A%E7%89%A9%E9%A6%86/8703873/0/9d82d158ccbf6c813b61f133bb3eb13532fa4093?fr=lemma&ct=single, 深圳博物馆位于广东省深圳市福田区福中路市民中心A区，北靠莲花山公园，南临深南大道，是一座以地志性为主的综合类博物馆，是深圳文物收藏和历史研究中心。
广州博物馆,"
广州市越秀山镇海楼
",https://baike.baidu.com/pic/%E5%B9%BF%E5%B7%9E%E5%8D%9A%E7%89%A9%E9%A6%86/1628441/0/a686c9177f3e6709fccff85f3bc79f3df9dc5546?fr=lemma&ct=single, 广州博物馆，位于广州市越秀山镇海楼，1929年2月11日，正式对外开放，为我国最早期创建的博物馆之一。
广东民间工艺博物馆,"
广州市中山7路
",https://baike.baidu.com/pic/%E5%B9%BF%E4%B8%9C%E6%B0%91%E9%97%B4%E5%B7%A5%E8%89%BA%E5%8D%9A%E7%89%A9%E9%A6%86/1627374/0/9252ae7ed02a5d2b0cd7da9a?fr=lemma&ct=single, 广东民间工艺博物馆于1959年设址于陈氏书院，是一家收藏、研究和展览以广东地区为主兼及全国各地历代民间工艺品的艺术类型博物馆。
广州艺术博物院,"
艺术博物馆
",https://baike.baidu.com/pic/%E5%B9%BF%E5%B7%9E%E8%89%BA%E6%9C%AF%E5%8D%9A%E7%89%A9%E9%99%A2/1786069/0/3a86813ddc105831bba1675a?fr=lemma&ct=single, 广州艺术博物院位于白云山脚麓湖岸边，总投资近两亿元人民币。
广东中国客家博物馆,"
170.3 亩
[1]?
",https://baike.baidu.com/pic/%E5%B9%BF%E4%B8%9C%E4%B8%AD%E5%9B%BD%E5%AE%A2%E5%AE%B6%E5%8D%9A%E7%89%A9%E9%A6%86/23612999/0/962bd40735fae6cdb730978901b30f2443a70f55?fr=lemma&ct=single, 广东中国客家博物馆位于广东省梅州市梅江区东山大道2号，地处梅江河边客家公园旁。
鸦片战争博物馆,"
历史博物馆
",https://baike.baidu.com/pic/%E9%B8%A6%E7%89%87%E6%88%98%E4%BA%89%E5%8D%9A%E7%89%A9%E9%A6%86/1880085/0/00a8270187587a387bec2cbb?fr=lemma&ct=single, 鸦片战争博物馆（虎门林则徐纪念馆、海战博物馆，三个馆名一套班子），坐落于广东省东莞市虎门，是纪念性和遗址性相结合的专题博物馆，馆里的林则徐销烟池与虎门炮台旧址是全国重点文物保护单位，是鸦片战争时期的历史见证，管理面积约80万平方米。
广东海上丝绸之路博物馆,"
专题博物馆
",https://baike.baidu.com/pic/%E5%B9%BF%E4%B8%9C%E6%B5%B7%E4%B8%8A%E4%B8%9D%E7%BB%B8%E4%B9%8B%E8%B7%AF%E5%8D%9A%E7%89%A9%E9%A6%86/6021987/0/7dd98d1001e93901c37334fa75ec54e737d19685?fr=lemma&ct=single, 广东海上丝绸之路博物馆位于广东省阳江市江城区南海一号大道西，是以“南海Ⅰ号”宋代古沉船发掘、保护、展示与研究为主题，展现水下考古现场发掘动态演示过程的中国首个水下考古专题博物馆，总建设面积1.75万平方米。
广西壮族自治区博物馆,"
南宁市青秀区民族大道34号
[15]?
",https://baike.baidu.com/pic/%E5%B9%BF%E8%A5%BF%E5%A3%AE%E6%97%8F%E8%87%AA%E6%B2%BB%E5%8C%BA%E5%8D%9A%E7%89%A9%E9%A6%86/1628458/0/2e2eb9389b504fc26af93a1de2dde71190ef6d00?fr=lemma&ct=single, 广西壮族自治区博物馆坐落于南宁市民族广场东侧，占地面积约60亩，是一家省（自治区）级综合性历史、艺术类博物馆，国家一级博物馆。
广西民族博物馆,"
民族文化博物馆
",https://baike.baidu.com/pic/%E5%B9%BF%E8%A5%BF%E6%B0%91%E6%97%8F%E5%8D%9A%E7%89%A9%E9%A6%86/2825713/0/b3ba5d1680bb795920a4e98a?fr=lemma&ct=single, 广西民族博物馆位于南宁市青秀山风景区青环路11号，占地130亩，建设总投资约2.5亿元，附属广西传统民居建筑露天展示园，是以广西民族文化为专题的博物馆。
桂林博物馆,"
历史艺术博物馆
",https://baike.baidu.com/pic/%E6%A1%82%E6%9E%97%E5%8D%9A%E7%89%A9%E9%A6%86/1628382/0/d4239b35de4bdf0290ef398e?fr=lemma&ct=single, 桂林博物馆自1964年4月21日开始筹建，1988年11月广西壮族自治区成立30周年之际落成并陈列开放，馆址坐落于秀峰区西山路4号，馆名由郭沫若先生于1963年3月题写。
海南省博物馆,"
综合性博物馆
",https://baike.baidu.com/pic/%E6%B5%B7%E5%8D%97%E7%9C%81%E5%8D%9A%E7%89%A9%E9%A6%86/4169415/0/c75c10385343fbf2be77db74bf7eca8065388f09?fr=lemma&ct=single, 海南省博物馆，位于海南省海口市。
中国（海南）南海博物馆,"
综合性博物馆
",https://baike.baidu.com/pic/%E4%B8%AD%E5%9B%BD%EF%BC%88%E6%B5%B7%E5%8D%97%EF%BC%89%E5%8D%97%E6%B5%B7%E5%8D%9A%E7%89%A9%E9%A6%86/20614573/0/4afbfbedab64034f32016b55a0c379310b551d90?fr=lemma&ct=single, 中国（海南）南海博物馆，位于海南省琼海市潭门镇。
自贡恐龙博物馆,"
四川省自贡市
",https://baike.baidu.com/pic/%E8%87%AA%E8%B4%A1%E6%81%90%E9%BE%99%E5%8D%9A%E7%89%A9%E9%A6%86/444423/0/a6aed01bd620d3e9af5133ee?fr=lemma&ct=single, 自贡恐龙博物馆位于四川省自贡市的东北部，距市中心11公里。
三星堆博物馆,"
历史博物馆
",https://baike.baidu.com/pic/%E4%B8%89%E6%98%9F%E5%A0%86%E5%8D%9A%E7%89%A9%E9%A6%86/3312542/0/e850352ac65c1038a9589bfcb5119313b07e89ee?fr=lemma&ct=single, 三星堆博物馆（Sanxingdui Museum）于1992年8月奠基，1997年10月建成开放，位于全国重点文物保护单位三星堆遗址东北角，地处广汉城西鸭子河畔，南距成都40公里，北距德阳26公里，是中国一座现代化的专题性遗址博物馆。
成都武侯祠博物馆,"
四川省成都市武侯区武侯祠大街231号
",https://baike.baidu.com/pic/%E6%88%90%E9%83%BD%E6%AD%A6%E4%BE%AF%E7%A5%A0%E5%8D%9A%E7%89%A9%E9%A6%86/675256/0/62667cd0a9bd2bd4a1ec9c3f?fr=lemma&ct=single, 成都武侯祠博物馆（Wu Hou Shrine of Chengdu）位于成都市武侯区武侯祠大街231号，全馆占地37000平方米，建筑面积9200平方米，是国家AAAA级旅游景区。
邓小平故居陈列馆,"
淡季8:30～17:30　旺季8:30～18:00
",https://baike.baidu.com/pic/%E9%82%93%E5%B0%8F%E5%B9%B3%E6%95%85%E5%B1%85%E9%99%88%E5%88%97%E9%A6%86/9803788/0/7ac88051179cb61242a75bc2?fr=lemma&ct=single, 2004年8月13日邓小平故居陈列馆于四川省广安市广安区协兴镇牌坊村开馆。
成都杜甫草堂博物馆,"
成都市青羊区青华路37号
[32]?
",https://baike.baidu.com/pic/%E6%88%90%E9%83%BD%E6%9D%9C%E7%94%AB%E8%8D%89%E5%A0%82%E5%8D%9A%E7%89%A9%E9%A6%86/4824775/0/5366d0160924ab1844f0d10532fae6cd7b890b19?fr=lemma&ct=single, 成都杜甫草堂博物馆位于四川省成都市青羊区青华路37号，是中国唐代大诗人杜甫流寓成都时的故居。
四川博物院,  ,0, 
成都金沙遗址博物馆,"
456 亩
",https://baike.baidu.com/pic/%E6%88%90%E9%83%BD%E9%87%91%E6%B2%99%E9%81%97%E5%9D%80%E5%8D%9A%E7%89%A9%E9%A6%86/7432729/0/58ee3d6d55fbb2fb43167c12430137a4462309f776d2?fr=lemma&ct=single, 成都金沙遗址博物馆，国家一级博物馆，位于四川省成都市青羊区金沙遗址路2号，占地面积456亩，建筑面积38000平方米。
自贡市盐业历史博物馆,"
四川省自贡市自流井解放路173号
",https://baike.baidu.com/pic/%E8%87%AA%E8%B4%A1%E5%B8%82%E7%9B%90%E4%B8%9A%E5%8E%86%E5%8F%B2%E5%8D%9A%E7%89%A9%E9%A6%86/2035378/0/0823dd54564e9258115457a59c82d158ccbf4e1d?fr=lemma&ct=single, 自贡市盐业历史博物馆位于四川省自贡市中心，建于1959年，是中国博物馆发展历史上最早建立的专业博物馆之一，目前仍是中国唯一的盐业史博物馆。
成都博物馆,"
四川省成都市青羊区小河街1号
",https://baike.baidu.com/pic/%E6%88%90%E9%83%BD%E5%8D%9A%E7%89%A9%E9%A6%86/49728838/0/8435e5dde71190ef76c69dcdf9578a16fdfaaf51cac7?fr=lemma&ct=single, 成都博物馆（Chengdu Museum），位于四川省成都市青羊区小河街1号，是成都市文化广电旅游局所属公益一类事业单位。
四川省建川博物馆,"
15次
",0, 四川省建川博物馆，位于四川省，据2020年9月国家文物局信息显示，现有藏品152974件/套，开展教育活动15次，参观人数162万人次。
5・12汶川特大地震纪念馆,"
四川北川羌族自治县曲山镇任家坪
",0, “5・12”汶川特大地震纪念馆是为了纪念"5.12"汶川特大地震而建设的纪念馆，纪念馆按照“自然、简朴、生态、科学”八字方针，由上海同济大学建筑设计研究院设计。
朱德同志故居纪念馆,"
历史博物馆
",https://baike.baidu.com/pic/%E6%9C%B1%E5%BE%B7%E5%90%8C%E5%BF%97%E6%95%85%E5%B1%85%E7%BA%AA%E5%BF%B5%E9%A6%86/2966593/0/3ac79f3df8dcd1000af3c8607c8b4710b9122f07?fr=lemma&ct=single, 朱德同志故居纪念馆位于四川省仪陇县马鞍镇，是为纪念中国人民伟大的无产阶级革命家和军事家朱德而建立的博物馆。
遵义会议纪念馆,"
革命博物馆
",https://baike.baidu.com/pic/%E9%81%B5%E4%B9%89%E4%BC%9A%E8%AE%AE%E7%BA%AA%E5%BF%B5%E9%A6%86/1015399/0/77094b36acaf2edd89783819841001e9380193b0?fr=lemma&ct=single, 遵义会议纪念馆位于贵州省遵义市红花岗区子尹路96号，总占地面积40000多平方米，总建筑面积18457平方米，展室面积6083平方米。
贵州省博物馆,"
综合类
",https://baike.baidu.com/pic/%E8%B4%B5%E5%B7%9E%E7%9C%81%E5%8D%9A%E7%89%A9%E9%A6%86/1628024/0/48540923dd54564ebd68b7d6bdde9c82d0584fcb?fr=lemma&ct=single, 贵州省博物馆，综合性博物馆，位于贵阳市观山湖区林城东路中段北侧，于2007年立项，2010年开工，2013年6月28日迁址建设，2015年年初，对外开放试运行，占地面积70860平方米，总建筑面积46450平方米。
贵州省民族博物馆,"
综合类
",https://baike.baidu.com/pic/%E8%B4%B5%E5%B7%9E%E7%9C%81%E6%B0%91%E6%97%8F%E5%8D%9A%E7%89%A9%E9%A6%86/16708666/0/d833c895d143ad4bb3bc0f2f8c025aafa50f064a?fr=lemma&ct=single, 贵州省民族博物馆，隶属于贵州省民族宗教事务委员会，是县处级公益性事业单位，位于贵阳市迎宾大道遵义路筑城广场的南广场，东依贵阳市南明河，西邻贵阳火车站，总占地面积13175平方米，是在2007年建成的贵州民族文化宫大楼的基础上，于2012年正式挂牌成立的全国第五个省级民族博物馆。
四渡赤水纪念馆,"
革命题材博物馆
",0, 四渡赤水纪念馆位于贵州省习水县土城镇，是全国爱国主义教育示范基地，全国青少年教育基地，国家国防教育示范基地，国家4A级旅游景区，2009年景区全免费开放。
云南省博物馆,"
综合性博物馆
",https://baike.baidu.com/pic/%E4%BA%91%E5%8D%97%E7%9C%81%E5%8D%9A%E7%89%A9%E9%A6%86/1628007/0/d8b8c92aefca8931d42af195?fr=lemma&ct=single, 云南省博物馆是一座综合性的博物馆，创建于1951年。
云南民族博物馆,"
昆明海埂云南民族村旁
",https://baike.baidu.com/pic/%E4%BA%91%E5%8D%97%E6%B0%91%E6%97%8F%E5%8D%9A%E7%89%A9%E9%A6%86/6042510/0/d6ca7bcb0a46f21f1d76cac8f6246b600d33aeef?fr=lemma&ct=single, 云南民族博物馆与滇池边的云南民族村相邻，距昆明市区约9公里。
重庆中国三峡博物馆,"
综合类博物馆
",https://baike.baidu.com/pic/%E9%87%8D%E5%BA%86%E4%B8%AD%E5%9B%BD%E4%B8%89%E5%B3%A1%E5%8D%9A%E7%89%A9%E9%A6%86/465940/0/8644ebf81a4c510f89be22d36859252dd52aa585?fr=lemma&ct=single, 重庆中国三峡博物馆，又名重庆博物馆，是首批国家一级博物馆、中央地方共建国家级博物馆。
重庆红岩革命历史博物馆,"
革命历史博物馆
",https://baike.baidu.com/pic/%E9%87%8D%E5%BA%86%E7%BA%A2%E5%B2%A9%E9%9D%A9%E5%91%BD%E5%8E%86%E5%8F%B2%E5%8D%9A%E7%89%A9%E9%A6%86/8652943/0/8cb1cb1349540923933713a59c58d109b2de498a?fr=lemma&ct=single, 重庆红岩革命历史博物馆，又称红岩博物馆，重庆红岩联线文化发展管理中心（红岩联线管理中心），位于重庆市渝中区红岩村52号。
重庆自然博物馆,"
自然博物馆
",https://baike.baidu.com/pic/%E9%87%8D%E5%BA%86%E8%87%AA%E7%84%B6%E5%8D%9A%E7%89%A9%E9%A6%86/8022419/0/6648d73dfa4d1bfa9e3d6264?fr=lemma&ct=single, 重庆自然博物馆是一所综合性自然科学博物馆，旧馆位于重庆市枇杷山正街74号，新馆位于重庆市北碚区金华路398号。
重庆三峡移民纪念馆,"
重庆市万州区南滨路1561号
",https://baike.baidu.com/pic/%E9%87%8D%E5%BA%86%E4%B8%89%E5%B3%A1%E7%A7%BB%E6%B0%91%E7%BA%AA%E5%BF%B5%E9%A6%86/53499968/0/4ec2d5628535e5ddab29a0b17ac6a7efce1b6252?fr=lemma&ct=single," 重庆三峡移民纪念馆（Chongqing Three Gorges immigration Memorial），又名重庆市万州区博物馆，位于重庆市万州区南滨路1561号，是纪念三峡百万大移民而修建的专题性纪念馆，三峡库区历史文化和移民文化收藏、保护研究和展示中心
[1]?
。"
大足石刻博物馆,"
100亩
",0, 大足石刻博物馆位于重庆市。
西藏博物馆,"
综合性历史博物馆
[3]?
",https://baike.baidu.com/pic/%E8%A5%BF%E8%97%8F%E5%8D%9A%E7%89%A9%E9%A6%86/1627112/0/43a7d933c895d143dfc3a37774f082025aaf0728?fr=lemma&ct=single, 西藏博物馆坐落于拉萨市罗布林卡东南角，是西藏第一座具有现代化功能的博物馆。
陕西历史博物馆,"
历史博物馆
",https://baike.baidu.com/pic/%E9%99%95%E8%A5%BF%E5%8E%86%E5%8F%B2%E5%8D%9A%E7%89%A9%E9%A6%86/197309/0/562c11dfa9ec8a131d4dc797f003918fa0ecc076?fr=lemma&ct=single, 陕西历史博物馆，中国第一座大型现代化国家级博物馆，首批“AAAA”级旅游景点，被誉为“古都明珠，华夏宝库”。
秦始皇兵马俑博物馆,"
历史博物馆
",https://baike.baidu.com/pic/%E7%A7%A6%E5%A7%8B%E7%9A%87%E5%85%B5%E9%A9%AC%E4%BF%91%E5%8D%9A%E7%89%A9%E9%A6%86/1509704/0/d62a6059252dd42a8d74aafc0c3b5bb5c9eab86c?fr=lemma&ct=single, 秦始皇兵马俑博物馆位于陕西省西安市临潼区秦陵镇，成立于1975年11月，原为秦始皇兵马俑筹建处，于1979年10月1日正式开馆，建于临潼县东7.5公里的骊山北麓的秦始皇帝陵兵马俑坑遗址上，西距西安37.5公里；和丽山园合称秦始皇帝陵博物院。
延安革命纪念馆,"
08:00-16:00(最晚入园15:30)
[18]?
",https://baike.baidu.com/pic/%E5%BB%B6%E5%AE%89%E9%9D%A9%E5%91%BD%E7%BA%AA%E5%BF%B5%E9%A6%86/2977273/0/d31b0ef41bd5ad6e13f3519f89cb39dbb6fd3cb8?fr=lemma&ct=single, 延安革命纪念馆位于陕西省延安市宝塔区西北延河东岸，距城1公里处，为国家AAAAA级景区。
汉阳陵博物馆,"
陕西省西安市北郊的渭河之畔
",https://baike.baidu.com/pic/%E6%B1%89%E9%98%B3%E9%99%B5%E5%8D%9A%E7%89%A9%E9%A6%86/1939466/0/1e71f724a22744394d088d5c?fr=lemma&ct=single, 汉阳陵博物馆（Hanyangling Museum），位于陕西省西安市北郊的渭河之畔，是全国重点文物保护单位。
西安碑林博物馆,"
古代石碑
",https://baike.baidu.com/pic/%E8%A5%BF%E5%AE%89%E7%A2%91%E6%9E%97%E5%8D%9A%E7%89%A9%E9%A6%86/8034759/0/ac754782837ff9b10df4d278?fr=lemma&ct=single, 西安碑林博物馆（Forest of Stone Steles Museum）是陕西创建最早的博物馆，它以收藏、陈列和研究历代碑刻、墓志及石刻为主，成为在中国独树一帜的艺术博物馆。
西安半坡博物馆,"
遗址类博物馆
",https://baike.baidu.com/pic/%E8%A5%BF%E5%AE%89%E5%8D%8A%E5%9D%A1%E5%8D%9A%E7%89%A9%E9%A6%86/4292217/0/77c6a7efce1b9d168cc1b97ff4deb48f8c5464ad?fr=lemma&ct=single, 西安半坡博物馆，位于陕西省西安市东郊汉佣岸、半坡村北。
西安博物院,"
2007年5月18日
",https://baike.baidu.com/pic/%E8%A5%BF%E5%AE%89%E5%8D%9A%E7%89%A9%E9%99%A2/4374388/0/6398ecd33ae4b4f0a8ec9a5d?fr=lemma&ct=single, 西安博物院是陕西省西安市的一座集博物馆、名胜古迹、城市园林为一体的博物馆。
宝鸡青铜器博物院,"
历史博物馆
",https://baike.baidu.com/pic/%E5%AE%9D%E9%B8%A1%E9%9D%92%E9%93%9C%E5%99%A8%E5%8D%9A%E7%89%A9%E9%99%A2/4046043/0/42a98226cffc1e1772d5bc534e90f603738de96e?fr=lemma&ct=single, 宝鸡青铜器博物院（China  Bronze Ware Museum）原为宝鸡历史文物陈列室，始建于1956年，国家一级博物馆。
大唐西市博物馆,"
国家一级博物馆
",https://baike.baidu.com/pic/%E5%A4%A7%E5%94%90%E8%A5%BF%E5%B8%82%E5%8D%9A%E7%89%A9%E9%A6%86/10852617/0/3801213fb80e7becf85cfc3a262eb9389a506b63?fr=lemma&ct=single, 大唐西市博物馆位于陕西省西安市莲湖区劳动南路118号，是以反映丝绸之路文化和商业文化为主题的民营遗址类博物馆。
甘肃省博物馆,"
2.1万多平方米
",https://baike.baidu.com/pic/%E7%94%98%E8%82%83%E7%9C%81%E5%8D%9A%E7%89%A9%E9%A6%86/1627760/0/43e6c733a2d7ba77ad4b5fd3?fr=lemma&ct=single, 甘肃省博物馆位于甘肃省兰州市七里河区西津西路3号，是甘肃省规模较大的综合性博物馆，该馆建于1956年，建筑面积2.1万多平方米，展览面积1.3万多平方米。
天水市博物馆,"
综合性历史博物馆
",https://baike.baidu.com/pic/%E5%A4%A9%E6%B0%B4%E5%B8%82%E5%8D%9A%E7%89%A9%E9%A6%86/1820372/0/8601a18b87d6277f3a3a63ea26381f30e924fc3c?fr=lemma&ct=single, 天水市博物馆，综合性博物馆，位于甘肃省天水市秦州区伏羲路110号，成立于1979年，1986年由天水城隍庙搬迁至天水伏羲庙，2009年10月，实现免费对外开放，占地面积35000平方米，建筑面积8361平方米。
敦煌研究院,"
1944年2月
",https://baike.baidu.com/pic/%E6%95%A6%E7%85%8C%E7%A0%94%E7%A9%B6%E9%99%A2/1719397/0/b219ebc4b74543a9fe1bb33e18178a82b901143b?fr=lemma&ct=single," 敦煌研究院
[1]?
的前身是1944年成立的国立敦煌艺术研究所，1950年改组为敦煌文物研究所，1984年扩建为敦煌研究院。"
